bank,app_name,review_text,rating,review_date,source
CBE Mobile Banking,Commercial Bank of Ethiopia,incredible,5,2026-05-14 10:53:56,Google Play
CBE Mobile Banking,Commercial Bank of Ethiopia,best app for financial sector,5,2026-05-14 05:44:01,Google Play
CBE Mobile Banking,Commercial Bank of Ethiopia,it's a good application,5,2026-05-13 20:28:58,Google Play
CBE Mobile Banking,Commercial Bank of Ethiopia,thank you cbe,5,2026-05-13 17:16:37,Google Play
CBE Mobile Banking,Commercial Bank of Ethiopia,is good,5,2026-05-13 16:18:45,Google Play
CBE Mobile Banking,Commercial Bank of Ethiopia,wow,5,2026-05-13 12:19:17,Google Play
CBE Mobile Banking,Commercial Bank of Ethiopia,Good application,2,2026-05-13 11:27:52,Google Play
CBE Mobile Banking,Commercial Bank of Ethiopia,"Nice, but I can't get some recently transactions. please try to keep all history scrolling full visibility done.",5,2026-05-13 11:21:48,Google Play
CBE Mobile Banking,Commercial Bank of Ethiopia,Very Secure but very poor interface and limited history service. The new colorful version is worst. Visibility and contrast are low. It is just my idea.,1,2026-05-13 11:11:25,Google Play
CBE Mobile Banking,Commercial Bank of Ethiopia,very nice 100%,5,2026-05-13 05:12:17,Google Play
CBE Mobile Banking,Commercial Bank of Ethiopia,good,5,2026-05-12 19:02:00,Google Play
CBE Mobile Banking,Commercial Bank of Ethiopia,Good to use,5,2026-05-12 12:23:58,Google Play
CBE Mobile Banking,Commercial Bank of Ethiopia,cbe,1,2026-05-12 06:18:40,Google Play
CBE Mobile Banking,Commercial Bank of Ethiopia,Cbe,4,2026-05-11 17:21:59,Google Play
CBE Mobile Banking,Commercial Bank of Ethiopia,best and secured,5,2026-05-11 11:04:31,Google Play
CBE Mobile Banking,Commercial Bank of Ethiopia,best,5,2026-05-11 09:22:25,Google Play
CBE Mobile Banking,Commercial Bank of Ethiopia,good,5,2026-05-10 17:46:00,Google Play
CBE Mobile Banking,Commercial Bank of Ethiopia,why is my transaction fee hidden? Why doesn't the app show some of the transaction fees before. eg vat 15% show it togather before confirmation not after it feels like a scam.,3,2026-05-10 16:13:18,Google Play
CBE Mobile Banking,Commercial Bank of Ethiopia,Gal✅😶‍🌫️,1,2026-05-10 15:07:21,Google Play
CBE Mobile Banking,Commercial Bank of Ethiopia,posetive,5,2026-05-10 07:13:20,Google Play
CBE Mobile Banking,Commercial Bank of Ethiopia,እ. በ. ጥ. ነው,5,2026-05-10 00:40:02,Google Play
CBE Mobile Banking,Commercial Bank of Ethiopia,good,5,2026-05-09 23:46:18,Google Play
CBE Mobile Banking,Commercial Bank of Ethiopia,It is usefull app,5,2026-05-09 18:14:32,Google Play
CBE Mobile Banking,Commercial Bank of Ethiopia,this app is so functional for airtime for wallet and,5,2026-05-09 15:02:46,Google Play
CBE Mobile Banking,Commercial Bank of Ethiopia,very amazing app,5,2026-05-09 14:05:08,Google Play
CBE Mobile Banking,Commercial Bank of Ethiopia,excellent service,5,2026-05-09 13:57:37,Google Play
CBE Mobile Banking,Commercial Bank of Ethiopia,There is a a problem when updating the app,3,2026-05-09 13:19:15,Google Play
CBE Mobile Banking,Commercial Bank of Ethiopia,good,5,2026-05-09 12:45:44,Google Play
CBE Mobile Banking,Commercial Bank of Ethiopia,good,5,2026-05-09 09:01:42,Google Play
CBE Mobile Banking,Commercial Bank of Ethiopia,Cbe,3,2026-05-09 09:00:01,Google Play
CBE Mobile Banking,Commercial Bank of Ethiopia,smart app,4,2026-05-08 21:32:18,Google Play
CBE Mobile Banking,Commercial Bank of Ethiopia,best,5,2026-05-08 17:48:47,Google Play
CBE Mobile Banking,Commercial Bank of Ethiopia,"Internet Based mobile app for CBEBirr A Internet Based mobile app for CBEBirr. With the new Internet based CBEBirr Mobile App you can make every operations applicable via the USSD version of CBEBirr. This app version is the latest version branded as CBEBirr Plus, CBEBirr+, CBE Birr +, or CBE Birr plus.",1,2026-05-08 16:19:19,Google Play
CBE Mobile Banking,Commercial Bank of Ethiopia,CBE it's my excellent choice,5,2026-05-08 15:34:15,Google Play
CBE Mobile Banking,Commercial Bank of Ethiopia,Good,5,2026-05-08 14:54:27,Google Play
CBE Mobile Banking,Commercial Bank of Ethiopia,fast and time saving...,5,2026-05-08 09:10:01,Google Play
CBE Mobile Banking,Commercial Bank of Ethiopia,yesisgood,5,2026-05-07 19:48:16,Google Play
CBE Mobile Banking,Commercial Bank of Ethiopia,so good,5,2026-05-07 11:48:09,Google Play
CBE Mobile Banking,Commercial Bank of Ethiopia,"The app is getting worse and worse after every ""update"". The UI is inconsistent, you haven't fixed the issue with Mpesa wallet transfer ( the ""begin 0, end 1, length 0"" error after ever transfer attempt) ; now the tellbirr transfer raises ""Bucket override O-10094"" error. Test your work FULLY before release.",3,2026-05-07 07:55:21,Google Play
CBE Mobile Banking,Commercial Bank of Ethiopia,iam happy excellent app,5,2026-05-07 07:23:40,Google Play
CBE Mobile Banking,Commercial Bank of Ethiopia,is not work properly !!,3,2026-05-06 18:47:27,Google Play
CBE Mobile Banking,Commercial Bank of Ethiopia,አሪፍ አፕ ነው ገራሚ ሁኖ አግኝቼዋለሁ,5,2026-05-06 11:51:47,Google Play
CBE Mobile Banking,Commercial Bank of Ethiopia,When I update this app there isn't working,1,2026-05-06 09:19:52,Google Play
CBE Mobile Banking,Commercial Bank of Ethiopia,thanks you so much 👍 okay I am going to be like in,5,2026-05-05 21:18:12,Google Play
CBE Mobile Banking,Commercial Bank of Ethiopia,Best ever,1,2026-05-05 20:56:18,Google Play
CBE Mobile Banking,Commercial Bank of Ethiopia,features በጣም ወድጄዋለሁ ነገር ግን አንድ ችግር አይቼዋለሁ ።APPU DELETE በሆነ ጊዜ ቅርንጫፍ ማመላለሱና MB APPLICATION FORMAT ላይ በየጊዜው መፈረሙ አንድ ለባንኩ ወጪ ነው ሁለት ለደንበኞች Inconvenience ይፈጥራል አስተካክሉ,4,2026-05-05 16:28:22,Google Play
CBE Mobile Banking,Commercial Bank of Ethiopia,best,5,2026-05-05 13:41:26,Google Play
CBE Mobile Banking,Commercial Bank of Ethiopia,goood g,5,2026-05-05 09:39:15,Google Play
CBE Mobile Banking,Commercial Bank of Ethiopia,I like so much,5,2026-05-05 08:32:34,Google Play
CBE Mobile Banking,Commercial Bank of Ethiopia,This app has never been efficient at all,1,2026-05-04 19:52:28,Google Play
CBE Mobile Banking,Commercial Bank of Ethiopia,nice app.,5,2026-05-04 18:32:41,Google Play
CBE Mobile Banking,Commercial Bank of Ethiopia,"While the option to create or cancel standing orders has been added, it is not functional. Similarly, adding a new beneficiary is also not working. Please fix.",2,2026-05-04 17:57:38,Google Play
CBE Mobile Banking,Commercial Bank of Ethiopia,Wonderful App ❤️❤️❤️ I love it,5,2026-05-04 14:57:45,Google Play
CBE Mobile Banking,Commercial Bank of Ethiopia,i like it,5,2026-05-04 14:14:57,Google Play
CBE Mobile Banking,Commercial Bank of Ethiopia,best,4,2026-05-04 11:54:59,Google Play
CBE Mobile Banking,Commercial Bank of Ethiopia,vary good app,5,2026-05-04 10:26:13,Google Play
CBE Mobile Banking,Commercial Bank of Ethiopia,good,5,2026-05-04 09:23:45,Google Play
CBE Mobile Banking,Commercial Bank of Ethiopia,good,5,2026-05-04 04:25:25,Google Play
CBE Mobile Banking,Commercial Bank of Ethiopia,good,5,2026-05-04 04:16:39,Google Play
CBE Mobile Banking,Commercial Bank of Ethiopia,nice,5,2026-05-03 19:51:57,Google Play
CBE Mobile Banking,Commercial Bank of Ethiopia,easy to use but hard to find easily,4,2026-05-03 18:23:16,Google Play
CBE Mobile Banking,Commercial Bank of Ethiopia,fixed problem,4,2026-05-03 16:35:47,Google Play
CBE Mobile Banking,Commercial Bank of Ethiopia,በእውነት የሚገርም app ነው ነገሮችን ሁሉ ቀለል ያደርጋል,5,2026-05-03 12:53:27,Google Play
CBE Mobile Banking,Commercial Bank of Ethiopia,good,5,2026-05-03 11:41:46,Google Play
CBE Mobile Banking,Commercial Bank of Ethiopia,good,3,2026-05-03 09:57:11,Google Play
CBE Mobile Banking,Commercial Bank of Ethiopia,best app,5,2026-05-03 07:45:26,Google Play
CBE Mobile Banking,Commercial Bank of Ethiopia,Good Application,5,2026-05-02 13:47:18,Google Play
CBE Mobile Banking,Commercial Bank of Ethiopia,Good app,1,2026-05-02 11:03:22,Google Play
CBE Mobile Banking,Commercial Bank of Ethiopia,መስተካከል አለብት ብዩ አስታየት የም ሰጠው አካውንንት በስም ሲፈለግ mr ብሎ ቀጣይ ስም ለመፃፍ እስፔስም አይፈቅድ ቀጣዩ ፊደልም ሲፃፍ አይፅፍም ይሄ ቢስተካከል ይበልጥ ቀላል የረገዋል ብዩ አስበለው,4,2026-05-02 09:16:17,Google Play
CBE Mobile Banking,Commercial Bank of Ethiopia,why it alaways asked me to update every second when I log in.,1,2026-05-01 21:31:25,Google Play
CBE Mobile Banking,Commercial Bank of Ethiopia,pls update my cbe mobile banking,5,2026-05-01 19:59:42,Google Play
CBE Mobile Banking,Commercial Bank of Ethiopia,good,5,2026-05-01 17:59:06,Google Play
CBE Mobile Banking,Commercial Bank of Ethiopia,"Easy, secure and user friend",5,2026-05-01 16:25:19,Google Play
CBE Mobile Banking,Commercial Bank of Ethiopia,nice,5,2026-05-01 14:09:29,Google Play
CBE Mobile Banking,Commercial Bank of Ethiopia,hiote tegayede,5,2026-05-01 08:13:49,Google Play
CBE Mobile Banking,Commercial Bank of Ethiopia,misraqe,1,2026-04-30 21:23:07,Google Play
CBE Mobile Banking,Commercial Bank of Ethiopia,excellent app,5,2026-04-30 18:10:47,Google Play
CBE Mobile Banking,Commercial Bank of Ethiopia,usefull app,5,2026-04-30 17:23:48,Google Play
CBE Mobile Banking,Commercial Bank of Ethiopia,nice bank,4,2026-04-30 17:21:05,Google Play
CBE Mobile Banking,Commercial Bank of Ethiopia,good 👍,5,2026-04-30 16:02:43,Google Play
CBE Mobile Banking,Commercial Bank of Ethiopia,it's no functional problem,5,2026-04-30 15:29:16,Google Play
CBE Mobile Banking,Commercial Bank of Ethiopia,Tamam Yunus Guddata,5,2026-04-30 13:13:11,Google Play
CBE Mobile Banking,Commercial Bank of Ethiopia,good,5,2026-04-30 12:29:19,Google Play
CBE Mobile Banking,Commercial Bank of Ethiopia,It's not working after the update it doesn't open at all,1,2026-04-30 10:29:38,Google Play
CBE Mobile Banking,Commercial Bank of Ethiopia,nice,5,2026-04-29 21:09:51,Google Play
CBE Mobile Banking,Commercial Bank of Ethiopia,excellent app,5,2026-04-29 20:46:24,Google Play
CBE Mobile Banking,Commercial Bank of Ethiopia,Good,5,2026-04-29 17:07:08,Google Play
CBE Mobile Banking,Commercial Bank of Ethiopia,CBE not compare to others,5,2026-04-29 16:12:49,Google Play
CBE Mobile Banking,Commercial Bank of Ethiopia,good,5,2026-04-29 15:07:16,Google Play
CBE Mobile Banking,Commercial Bank of Ethiopia,good,3,2026-04-29 13:30:44,Google Play
CBE Mobile Banking,Commercial Bank of Ethiopia,nice app thanks,5,2026-04-29 12:37:58,Google Play
CBE Mobile Banking,Commercial Bank of Ethiopia,Great,5,2026-04-29 11:01:59,Google Play
CBE Mobile Banking,Commercial Bank of Ethiopia,good service,5,2026-04-29 10:37:42,Google Play
CBE Mobile Banking,Commercial Bank of Ethiopia,"It is so good,and easy to use.",5,2026-04-28 23:51:54,Google Play
CBE Mobile Banking,Commercial Bank of Ethiopia,great app,5,2026-04-28 22:45:13,Google Play
CBE Mobile Banking,Commercial Bank of Ethiopia,update is not downgrade. its literally not working,1,2026-04-28 19:30:29,Google Play
CBE Mobile Banking,Commercial Bank of Ethiopia,Please consider optimizing the app for Huawei Mobile Services (HMS). It doesn't work after the update.,1,2026-04-28 19:02:43,Google Play
CBE Mobile Banking,Commercial Bank of Ethiopia,please use the cute ui as a professional developer,3,2026-04-28 15:56:23,Google Play
CBE Mobile Banking,Commercial Bank of Ethiopia,Daily Of the day Transfer Limit Restriction If there wasn't If it didn't have Very Extremely Happy We would be.,4,2026-04-28 15:48:50,Google Play
CBE Mobile Banking,Commercial Bank of Ethiopia,best,5,2026-04-28 14:38:32,Google Play
CBE Mobile Banking,Commercial Bank of Ethiopia,Amazing,5,2026-04-28 13:10:01,Google Play
CBE Mobile Banking,Commercial Bank of Ethiopia,it's better than before,4,2026-04-28 11:38:40,Google Play
CBE Mobile Banking,Commercial Bank of Ethiopia,worst apk for a big bank,1,2026-04-28 11:37:56,Google Play
CBE Mobile Banking,Commercial Bank of Ethiopia,doesn't work properly with safaricom network.,1,2026-04-28 11:33:28,Google Play
CBE Mobile Banking,Commercial Bank of Ethiopia,"The app forcefully made me an update, since then every time I try to make a payment it keeps bugging and failing non stop. please fix that . this is a big company not a start up .",1,2026-04-28 10:19:05,Google Play
CBE Mobile Banking,Commercial Bank of Ethiopia,good,5,2026-04-28 09:21:52,Google Play
CBE Mobile Banking,Commercial Bank of Ethiopia,I found that when i am using safaricom network the app keeps crashing a lot and not working and as soon as i change the network it will work smoothly so make is a lot compatible with the safaricom network service.,3,2026-04-28 08:26:56,Google Play
CBE Mobile Banking,Commercial Bank of Ethiopia,go ahead,5,2026-04-28 08:05:36,Google Play
CBE Mobile Banking,Commercial Bank of Ethiopia,nice,5,2026-04-27 22:14:49,Google Play
CBE Mobile Banking,Commercial Bank of Ethiopia,i like it,5,2026-04-27 15:26:02,Google Play
CBE Mobile Banking,Commercial Bank of Ethiopia,Good,5,2026-04-27 13:06:10,Google Play
CBE Mobile Banking,Commercial Bank of Ethiopia,cbe mobile app best app,5,2026-04-27 12:10:50,Google Play
CBE Mobile Banking,Commercial Bank of Ethiopia,"easy for use,and good privacy",4,2026-04-27 11:53:50,Google Play
CBE Mobile Banking,Commercial Bank of Ethiopia,amazing,5,2026-04-27 11:44:24,Google Play
CBE Mobile Banking,Commercial Bank of Ethiopia,i really judged this app. 99% were profit exclusive for others only with organization benefit.,1,2026-04-27 11:34:11,Google Play
CBE Mobile Banking,Commercial Bank of Ethiopia,unable to use it is not performed well,1,2026-04-27 09:39:32,Google Play
CBE Mobile Banking,Commercial Bank of Ethiopia,ወከቀቀ,5,2026-04-26 22:11:13,Google Play
CBE Mobile Banking,Commercial Bank of Ethiopia,Nice,5,2026-04-26 20:48:05,Google Play
CBE Mobile Banking,Commercial Bank of Ethiopia,This app is very good and helpful I am Happy working with cbe mobile banking tanx all members and I am ready invite all my family and friends ❤️,5,2026-04-26 20:18:05,Google Play
CBE Mobile Banking,Commercial Bank of Ethiopia,Samsung A-5360 is not my device and i did not opened by this,5,2026-04-26 20:18:01,Google Play
CBE Mobile Banking,Commercial Bank of Ethiopia,notwork totransferto other,1,2026-04-26 17:14:38,Google Play
CBE Mobile Banking,Commercial Bank of Ethiopia,good,5,2026-04-26 13:54:07,Google Play
CBE Mobile Banking,Commercial Bank of Ethiopia,የCommercial Bank of Ethiopia ሞባይል ባንኪንግ አገልግሎት በአጠቃላይ ጠቃሚ ነው፣ ግን አንድ ችግር አጋጥሞኛል። የሂሳብ ቁጥር በምናስገባበት ሳጥን ላይ “Mr” ወይም “Mrs” ከሚለው ቀጥሎ ያለውን ስም ለማስገባት ስፔስ (space) መጠቀም አይቻልም። ይህ ተጠቃሚዎችን ስም ትክክለኛ ለማስገባት እንዲቸገሩ ያደርጋል። እባክዎ በዚህ ክፍል ስፔስ መጠቀም እንዲቻል ወይም የስም መሙያ ስርዓቱን እንዲሻሻል ቢያደርጉ በጣም ጥሩ ይሆናል።,4,2026-04-26 11:00:34,Google Play
CBE Mobile Banking,Commercial Bank of Ethiopia,🫶👍🙏,5,2026-04-26 10:39:10,Google Play
CBE Mobile Banking,Commercial Bank of Ethiopia,good,5,2026-04-25 21:51:53,Google Play
CBE Mobile Banking,Commercial Bank of Ethiopia,I am very comfortable because we can easily access various transfer services that we used to have to go to the bank.,5,2026-04-25 19:36:33,Google Play
CBE Mobile Banking,Commercial Bank of Ethiopia,good app,5,2026-04-25 19:02:07,Google Play
CBE Mobile Banking,Commercial Bank of Ethiopia,i am so happy,5,2026-04-25 18:50:18,Google Play
CBE Mobile Banking,Commercial Bank of Ethiopia,good,5,2026-04-25 18:39:44,Google Play
CBE Mobile Banking,Commercial Bank of Ethiopia,The recent update is trash. I couldn't refresh the page. It's not even trying to sync. Please fix the bug and release a clean version.,1,2026-04-25 15:00:10,Google Play
CBE Mobile Banking,Commercial Bank of Ethiopia,good job,5,2026-04-25 14:51:23,Google Play
CBE Mobile Banking,Commercial Bank of Ethiopia,I'm from Ethiopia and proud of CBE service app.,5,2026-04-25 14:42:52,Google Play
CBE Mobile Banking,Commercial Bank of Ethiopia,I am successful with app,5,2026-04-25 14:32:26,Google Play
CBE Mobile Banking,Commercial Bank of Ethiopia,everything is boaring the previous one is good,1,2026-04-25 11:57:36,Google Play
CBE Mobile Banking,Commercial Bank of Ethiopia,best,5,2026-04-25 11:01:49,Google Play
CBE Mobile Banking,Commercial Bank of Ethiopia,good,5,2026-04-24 22:32:23,Google Play
CBE Mobile Banking,Commercial Bank of Ethiopia,good app but it needs more languages do it with more than four languages,5,2026-04-24 20:58:16,Google Play
CBE Mobile Banking,Commercial Bank of Ethiopia,good work,5,2026-04-24 18:52:56,Google Play
CBE Mobile Banking,Commercial Bank of Ethiopia,wow app.The developers make improvements every time.,5,2026-04-24 17:24:16,Google Play
CBE Mobile Banking,Commercial Bank of Ethiopia,nice and perfect,5,2026-04-24 16:06:27,Google Play
CBE Mobile Banking,Commercial Bank of Ethiopia,best experience,5,2026-04-24 13:37:51,Google Play
CBE Mobile Banking,Commercial Bank of Ethiopia,the best,5,2026-04-24 13:27:25,Google Play
CBE Mobile Banking,Commercial Bank of Ethiopia,What's wrong after i update the app unable to open,1,2026-04-24 13:05:07,Google Play
CBE Mobile Banking,Commercial Bank of Ethiopia,nice,5,2026-04-24 11:34:30,Google Play
CBE Mobile Banking,Commercial Bank of Ethiopia,👍👍it is good. pls Hide the amount that appear on the top when we need to transfer🙏,1,2026-04-24 09:37:05,Google Play
CBE Mobile Banking,Commercial Bank of Ethiopia,not sure at the moment,3,2026-04-24 09:21:55,Google Play
CBE Mobile Banking,Commercial Bank of Ethiopia,Good,5,2026-04-24 09:16:00,Google Play
CBE Mobile Banking,Commercial Bank of Ethiopia,it's the best app i have every seen it is fast and securty,5,2026-04-24 08:41:27,Google Play
CBE Mobile Banking,Commercial Bank of Ethiopia,Useful apps,5,2026-04-24 08:30:45,Google Play
CBE Mobile Banking,Commercial Bank of Ethiopia,easy to use,5,2026-04-24 08:22:18,Google Play
CBE Mobile Banking,Commercial Bank of Ethiopia,waw,4,2026-04-24 07:39:39,Google Play
CBE Mobile Banking,Commercial Bank of Ethiopia,"This app used to work well, but now it constantly shows an error saying it can’t load my accounts and tells me to visit a branch. I’m not even in the country, so that’s not possible. The app has frequent issues and needs better reliability and remote support options.",2,2026-04-24 04:49:52,Google Play
CBE Mobile Banking,Commercial Bank of Ethiopia,Very good,5,2026-04-23 23:08:26,Google Play
CBE Mobile Banking,Commercial Bank of Ethiopia,አዲሱ ገጽታው በጣም ያስጠላል። ለአይን ይከብዳል። ወደነበረበት ብትመልሱት።,1,2026-04-23 22:04:48,Google Play
CBE Mobile Banking,Commercial Bank of Ethiopia,I like it but sometimes there is a system error,4,2026-04-23 21:44:07,Google Play
CBE Mobile Banking,Commercial Bank of Ethiopia,good,5,2026-04-23 19:00:48,Google Play
CBE Mobile Banking,Commercial Bank of Ethiopia,"the app keeps asking for update, even after being updated",3,2026-04-23 18:12:14,Google Play
CBE Mobile Banking,Commercial Bank of Ethiopia,"This application was not that great, and its performance has unfortunately declined further. For the past week, I have been unable to access my balance or transfer funds. This situation is causing considerable concern and inconvenience, as I cannot access my money in a timely manner. This has resulted in late payments and a loss of confidence and trust. Furthermore, I have not received a response to my message to the customer support team",1,2026-04-23 16:58:41,Google Play
CBE Mobile Banking,Commercial Bank of Ethiopia,good,5,2026-04-23 16:00:39,Google Play
CBE Mobile Banking,Commercial Bank of Ethiopia,like,5,2026-04-23 15:56:17,Google Play
CBE Mobile Banking,Commercial Bank of Ethiopia,Good !,3,2026-04-23 12:58:14,Google Play
CBE Mobile Banking,Commercial Bank of Ethiopia,good,5,2026-04-23 12:35:00,Google Play
CBE Mobile Banking,Commercial Bank of Ethiopia,good,5,2026-04-23 11:28:38,Google Play
CBE Mobile Banking,Commercial Bank of Ethiopia,very good cbe app,5,2026-04-23 10:23:54,Google Play
CBE Mobile Banking,Commercial Bank of Ethiopia,tel birr,5,2026-04-23 10:09:16,Google Play
CBE Mobile Banking,Commercial Bank of Ethiopia,halaba kuleto,5,2026-04-23 07:52:30,Google Play
CBE Mobile Banking,Commercial Bank of Ethiopia,best app ever,5,2026-04-23 01:16:07,Google Play
CBE Mobile Banking,Commercial Bank of Ethiopia,it's good app for ease of access mobile banking transaction and use our time properly!,5,2026-04-22 23:03:39,Google Play
CBE Mobile Banking,Commercial Bank of Ethiopia,"pls make an option fingerprint Biometric payment only, it's fast and secure to pay",4,2026-04-22 22:25:35,Google Play
CBE Mobile Banking,Commercial Bank of Ethiopia,በጣም ቀላልና ፈጣን ለመጠቀም ወድጀዋለሁ,5,2026-04-22 21:54:37,Google Play
CBE Mobile Banking,Commercial Bank of Ethiopia,I love this up to much eollahi,5,2026-04-22 21:07:55,Google Play
CBE Mobile Banking,Commercial Bank of Ethiopia,I hope this bank have excellent Mobile app but still not easy and not working in holidays why,4,2026-04-22 20:49:07,Google Play
CBE Mobile Banking,Commercial Bank of Ethiopia,best,5,2026-04-22 20:17:56,Google Play
CBE Mobile Banking,Commercial Bank of Ethiopia,"It's a great, easy-to-use, very convenient and secure app.",5,2026-04-22 20:08:14,Google Play
CBE Mobile Banking,Commercial Bank of Ethiopia,Good Job,5,2026-04-22 19:47:48,Google Play
CBE Mobile Banking,Commercial Bank of Ethiopia,best,5,2026-04-22 19:44:16,Google Play
CBE Mobile Banking,Commercial Bank of Ethiopia,Best app.,5,2026-04-22 19:38:52,Google Play
CBE Mobile Banking,Commercial Bank of Ethiopia,it's so use full and secure 👍💪👌,5,2026-04-22 18:40:19,Google Play
CBE Mobile Banking,Commercial Bank of Ethiopia,"there should be atm voucher access included , and also the app crash sometimes .",1,2026-04-22 17:11:41,Google Play
CBE Mobile Banking,Commercial Bank of Ethiopia,"The app has some issues we need to have a place where we save our contacts where we usually send money to, after update I keep loosing all the important accounts.Also user needs to configure their notification types we want to receive either by email ,SMS or both. right now I don't get any notifications when I receive funds from companies.",1,2026-04-22 16:29:05,Google Play
CBE Mobile Banking,Commercial Bank of Ethiopia,after the the recent update the app not responding. even transfer to telebirr isn't working.,1,2026-04-22 16:24:47,Google Play
CBE Mobile Banking,Commercial Bank of Ethiopia,Need more additional future include for now it's not bad,1,2026-04-22 15:17:37,Google Play
CBE Mobile Banking,Commercial Bank of Ethiopia,I don't like. I can't make transfer to my own telebirr,1,2026-04-22 15:17:31,Google Play
CBE Mobile Banking,Commercial Bank of Ethiopia,lag and stack not quick response 😞😞,2,2026-04-22 14:49:47,Google Play
CBE Mobile Banking,Commercial Bank of Ethiopia,it good. to get services,5,2026-04-22 14:41:37,Google Play
CBE Mobile Banking,Commercial Bank of Ethiopia,good,5,2026-04-22 14:33:44,Google Play
CBE Mobile Banking,Commercial Bank of Ethiopia,Number One App,5,2026-04-22 11:04:12,Google Play
CBE Mobile Banking,Commercial Bank of Ethiopia,is good,5,2026-04-22 10:41:08,Google Play
CBE Mobile Banking,Commercial Bank of Ethiopia,this secure app of all Ethiopia mobile banking ever.,5,2026-04-22 10:27:38,Google Play
CBE Mobile Banking,Commercial Bank of Ethiopia,perfect app,5,2026-04-22 09:16:30,Google Play
CBE Mobile Banking,Commercial Bank of Ethiopia,owww cbe,5,2026-04-22 08:41:42,Google Play
CBE Mobile Banking,Commercial Bank of Ethiopia,"Very secured, fast and favourable",5,2026-04-22 07:56:52,Google Play
CBE Mobile Banking,Commercial Bank of Ethiopia,best,5,2026-04-22 02:35:15,Google Play
CBE Mobile Banking,Commercial Bank of Ethiopia,very nice 👌,5,2026-04-21 23:59:01,Google Play
CBE Mobile Banking,Commercial Bank of Ethiopia,اليش يتعخر معرف والله,5,2026-04-21 22:56:11,Google Play
CBE Mobile Banking,Commercial Bank of Ethiopia,good application 💯💯💯.,5,2026-04-21 22:48:25,Google Play
CBE Mobile Banking,Commercial Bank of Ethiopia,best,5,2026-04-21 22:13:11,Google Play
CBE Mobile Banking,Commercial Bank of Ethiopia,good app,5,2026-04-21 20:11:23,Google Play
CBE Mobile Banking,Commercial Bank of Ethiopia,good,4,2026-04-21 20:06:57,Google Play
CBE Mobile Banking,Commercial Bank of Ethiopia,Nice App,5,2026-04-21 20:04:29,Google Play
CBE Mobile Banking,Commercial Bank of Ethiopia,it cost us a lot just by transfer and in other way not fair,1,2026-04-21 18:44:58,Google Play
CBE Mobile Banking,Commercial Bank of Ethiopia,Great app,5,2026-04-21 16:14:15,Google Play
CBE Mobile Banking,Commercial Bank of Ethiopia,Interesting app,5,2026-04-21 16:11:13,Google Play
CBE Mobile Banking,Commercial Bank of Ethiopia,"i didn't get feed back through message ,Why so?",5,2026-04-21 14:52:26,Google Play
CBE Mobile Banking,Commercial Bank of Ethiopia,good and fast,5,2026-04-21 09:31:29,Google Play
CBE Mobile Banking,Commercial Bank of Ethiopia,"v, good",5,2026-04-21 07:42:52,Google Play
CBE Mobile Banking,Commercial Bank of Ethiopia,very bad experience as its very slow,1,2026-04-20 20:29:28,Google Play
CBE Mobile Banking,Commercial Bank of Ethiopia,i luv it,5,2026-04-20 16:10:15,Google Play
CBE Mobile Banking,Commercial Bank of Ethiopia,Good&fast,5,2026-04-20 12:37:59,Google Play
CBE Mobile Banking,Commercial Bank of Ethiopia,good,5,2026-04-20 07:10:00,Google Play
CBE Mobile Banking,Commercial Bank of Ethiopia,good,5,2026-04-19 20:17:32,Google Play
CBE Mobile Banking,Commercial Bank of Ethiopia,የጣት አሻራ አገልግሎት አላገኘሁም። አጠቃቀሙ ጠፍቶኝ ይሆን?,4,2026-04-19 15:26:41,Google Play
CBE Mobile Banking,Commercial Bank of Ethiopia,good,4,2026-04-19 14:52:00,Google Play
CBE Mobile Banking,Commercial Bank of Ethiopia,Rtgs limit very small,3,2026-04-19 11:16:51,Google Play
CBE Mobile Banking,Commercial Bank of Ethiopia,"Trasaction history not sorted in time basis, besides the hilight transaction and its details which is found by clicking the highht transaction are diffrent. Generally, the tansaction history page has a critical problem",3,2026-04-19 10:38:06,Google Play
CBE Mobile Banking,Commercial Bank of Ethiopia,good job,5,2026-04-19 08:50:38,Google Play
CBE Mobile Banking,Commercial Bank of Ethiopia,best bank for Android application form market place and key number,5,2026-04-19 08:08:46,Google Play
CBE Mobile Banking,Commercial Bank of Ethiopia,i like cbe service,5,2026-04-19 01:51:02,Google Play
CBE Mobile Banking,Commercial Bank of Ethiopia,አሪፍ ነው,4,2026-04-18 15:26:54,Google Play
CBE Mobile Banking,Commercial Bank of Ethiopia,it is the best application in the Ethiopia I like it this,5,2026-04-18 14:31:25,Google Play
CBE Mobile Banking,Commercial Bank of Ethiopia,super spp,5,2026-04-18 12:31:47,Google Play
CBE Mobile Banking,Commercial Bank of Ethiopia,I have 1 year and thank you for yo ur genuine service,5,2026-04-18 12:02:09,Google Play
CBE Mobile Banking,Commercial Bank of Ethiopia,ካየህዋቸው ተመሳሳይ መተግበርያዎች በጣም ጥሩ መተግበርያ ነው,4,2026-04-18 10:52:29,Google Play
CBE Mobile Banking,Commercial Bank of Ethiopia,excellent,5,2026-04-18 09:47:20,Google Play
CBE Mobile Banking,Commercial Bank of Ethiopia,Excellent,5,2026-04-18 02:18:01,Google Play
CBE Mobile Banking,Commercial Bank of Ethiopia,"im having a terrible experience with this app, im getting 'unable to connect' error, this happened for a while now and they didnt fix it, it is so unreliable in times i need it that i have to resort to using ussd code instead of it. please fix this issue",1,2026-04-17 22:24:20,Google Play
CBE Mobile Banking,Commercial Bank of Ethiopia,Absolute garbage,1,2026-04-17 14:58:36,Google Play
CBE Mobile Banking,Commercial Bank of Ethiopia,CBE does not offer anything international.,3,2026-04-17 14:28:43,Google Play
CBE Mobile Banking,Commercial Bank of Ethiopia,korsa,5,2026-04-17 02:01:43,Google Play
CBE Mobile Banking,Commercial Bank of Ethiopia,its good,5,2026-04-17 00:39:56,Google Play
CBE Mobile Banking,Commercial Bank of Ethiopia,very nice app,5,2026-04-16 21:52:11,Google Play
CBE Mobile Banking,Commercial Bank of Ethiopia,nice app,5,2026-04-16 17:27:15,Google Play
CBE Mobile Banking,Commercial Bank of Ethiopia,nice app,5,2026-04-16 17:08:13,Google Play
CBE Mobile Banking,Commercial Bank of Ethiopia,it looks fantasy,5,2026-04-16 16:02:24,Google Play
CBE Mobile Banking,Commercial Bank of Ethiopia,it's best app to use recently and upgraded day to day for internationalization,5,2026-04-16 14:57:50,Google Play
CBE Mobile Banking,Commercial Bank of Ethiopia,it is more convenient app,5,2026-04-16 12:15:19,Google Play
CBE Mobile Banking,Commercial Bank of Ethiopia,gooooodddd.....,5,2026-04-15 22:49:05,Google Play
CBE Mobile Banking,Commercial Bank of Ethiopia,This is app is not fast and not working well in all android phone. eg it is not functioning well using one plus phone.,1,2026-04-15 19:45:49,Google Play
CBE Mobile Banking,Commercial Bank of Ethiopia,Factory reset made me to lose my pin to login to my account!,5,2026-04-15 19:19:51,Google Play
CBE Mobile Banking,Commercial Bank of Ethiopia,keeps on saying bucket override when I try to pay henon school fee,2,2026-04-15 18:41:26,Google Play
CBE Mobile Banking,Commercial Bank of Ethiopia,"life longe bank CBE , Save & change your life.",5,2026-04-15 17:03:28,Google Play
CBE Mobile Banking,Commercial Bank of Ethiopia,good,5,2026-04-15 12:15:27,Google Play
CBE Mobile Banking,Commercial Bank of Ethiopia,does not working well,5,2026-04-15 09:47:27,Google Play
CBE Mobile Banking,Commercial Bank of Ethiopia,it's v good app sometimes there is a problem on other bank transfers,4,2026-04-15 07:50:27,Google Play
CBE Mobile Banking,Commercial Bank of Ethiopia,pls speedup for quick uses,5,2026-04-14 18:08:30,Google Play
CBE Mobile Banking,Commercial Bank of Ethiopia,"before, it was nice. now it does not work and crash automatically",2,2026-04-14 13:25:34,Google Play
CBE Mobile Banking,Commercial Bank of Ethiopia,Pls facilitate transfer to telebirr agent,3,2026-04-14 11:40:30,Google Play
CBE Mobile Banking,Commercial Bank of Ethiopia,sestemaa siresun osoo manaa banki hindemne namnii barbade national id isa fayadamee osoo banachun danda'ame bayye nammati tola live event qabate,3,2026-04-13 22:57:32,Google Play
CBE Mobile Banking,Commercial Bank of Ethiopia,I customer for commercial bank of Ethiopia I trade,5,2026-04-13 21:25:09,Google Play
CBE Mobile Banking,Commercial Bank of Ethiopia,it's has an issue,1,2026-04-13 13:54:19,Google Play
CBE Mobile Banking,Commercial Bank of Ethiopia,good,5,2026-04-13 12:15:37,Google Play
CBE Mobile Banking,Commercial Bank of Ethiopia,nice,5,2026-04-13 10:56:21,Google Play
CBE Mobile Banking,Commercial Bank of Ethiopia,accessibility need to be taken seriously. There are people excluded because of inaccessible apps.,3,2026-04-13 04:21:53,Google Play
CBE Mobile Banking,Commercial Bank of Ethiopia,"This application was not that great, and its performance has unfortunately declined further. For the past week, I have been unable to access my balance or transfer funds. This situation is causing considerable concern and inconvenience, as I cannot access my money in a timely manner. This has resulted in late payments and a loss of confidence and trust. Furthermore, I have not received a response to my message to the customer support team.",1,2026-04-12 18:10:48,Google Play
CBE Mobile Banking,Commercial Bank of Ethiopia,I can't download this app please assist how it can be downloaded,1,2026-04-12 02:30:52,Google Play
CBE Mobile Banking,Commercial Bank of Ethiopia,"my favorite so far, but, how come we are not able to download the app and fix our problem ourselves? it is not fair to go to the bank and fix it for you? please think about it. Thank you",5,2026-04-11 23:03:49,Google Play
CBE Mobile Banking,Commercial Bank of Ethiopia,lulit tukka giro,5,2026-04-11 19:44:20,Google Play
CBE Mobile Banking,Commercial Bank of Ethiopia,Enough good even it hasn't transferring for other telebirr users,5,2026-04-11 16:08:36,Google Play
CBE Mobile Banking,Commercial Bank of Ethiopia,not good not bad.,3,2026-04-11 13:52:50,Google Play
CBE Mobile Banking,Commercial Bank of Ethiopia,easy fast helpful for our business,5,2026-04-11 12:25:06,Google Play
CBE Mobile Banking,Commercial Bank of Ethiopia,good,5,2026-04-11 11:54:03,Google Play
CBE Mobile Banking,Commercial Bank of Ethiopia,good,5,2026-04-11 11:18:28,Google Play
CBE Mobile Banking,Commercial Bank of Ethiopia,bad strresing,1,2026-04-11 08:35:27,Google Play
CBE Mobile Banking,Commercial Bank of Ethiopia,cool,5,2026-04-11 07:48:06,Google Play
CBE Mobile Banking,Commercial Bank of Ethiopia,100%100 Fast and Amazing app !! 🏆🏆🏆🏆🏆🏆🏆🏆 💞🌷🇪🇹,5,2026-04-10 22:14:08,Google Play
CBE Mobile Banking,Commercial Bank of Ethiopia,Not that happy at this app,3,2026-04-10 17:57:34,Google Play
CBE Mobile Banking,Commercial Bank of Ethiopia,Best,5,2026-04-10 15:54:54,Google Play
CBE Mobile Banking,Commercial Bank of Ethiopia,crush alot,1,2026-04-10 10:42:13,Google Play
CBE Mobile Banking,Commercial Bank of Ethiopia,itii fayadamaa namaa fayadaa kuniin,5,2026-04-10 01:28:52,Google Play
CBE Mobile Banking,Commercial Bank of Ethiopia,good app,5,2026-04-09 21:30:15,Google Play
CBE Mobile Banking,Commercial Bank of Ethiopia,good,5,2026-04-09 19:58:12,Google Play
CBE Mobile Banking,Commercial Bank of Ethiopia,Musxafaa,5,2026-04-09 18:03:22,Google Play
CBE Mobile Banking,Commercial Bank of Ethiopia,good,5,2026-04-09 17:57:06,Google Play
CBE Mobile Banking,Commercial Bank of Ethiopia,well expriences,5,2026-04-09 14:56:14,Google Play
CBE Mobile Banking,Commercial Bank of Ethiopia,good,5,2026-04-09 12:53:37,Google Play
CBE Mobile Banking,Commercial Bank of Ethiopia,great 👍,5,2026-04-09 12:01:22,Google Play
CBE Mobile Banking,Commercial Bank of Ethiopia,I had good time with CBE,5,2026-04-09 09:44:53,Google Play
CBE Mobile Banking,Commercial Bank of Ethiopia,crashes every time you need to update this app ASAP.. i will be changing bank if tjis continues,1,2026-04-09 06:55:06,Google Play
CBE Mobile Banking,Commercial Bank of Ethiopia,Good,5,2026-04-09 04:00:29,Google Play
CBE Mobile Banking,Commercial Bank of Ethiopia,easy and fast,5,2026-04-08 22:38:22,Google Play
CBE Mobile Banking,Commercial Bank of Ethiopia,very nice,5,2026-04-08 21:34:27,Google Play
CBE Mobile Banking,Commercial Bank of Ethiopia,its good,5,2026-04-08 15:56:43,Google Play
CBE Mobile Banking,Commercial Bank of Ethiopia,this app is very good,5,2026-04-08 15:22:52,Google Play
CBE Mobile Banking,Commercial Bank of Ethiopia,በጣም ጥሩ ነው,4,2026-04-08 10:33:43,Google Play
CBE Mobile Banking,Commercial Bank of Ethiopia,deduction but no transaction. not good,3,2026-04-08 05:01:21,Google Play
CBE Mobile Banking,Commercial Bank of Ethiopia,Easy to use and reliable.,5,2026-04-07 23:30:53,Google Play
CBE Mobile Banking,Commercial Bank of Ethiopia,difficult to see our transactions after aweek,1,2026-04-07 18:46:09,Google Play
CBE Mobile Banking,Commercial Bank of Ethiopia,nice,1,2026-04-07 15:28:10,Google Play
CBE Mobile Banking,Commercial Bank of Ethiopia,Good bank,5,2026-04-07 12:26:56,Google Play
CBE Mobile Banking,Commercial Bank of Ethiopia,swift,5,2026-04-07 07:26:17,Google Play
CBE Mobile Banking,Commercial Bank of Ethiopia,best,5,2026-04-07 06:13:01,Google Play
CBE Mobile Banking,Commercial Bank of Ethiopia,it is wel,5,2026-04-07 01:42:13,Google Play
CBE Mobile Banking,Commercial Bank of Ethiopia,nice,4,2026-04-06 20:59:39,Google Play
CBE Mobile Banking,Commercial Bank of Ethiopia,fully functional greate application it makes payment and transaction easier,5,2026-04-06 16:29:20,Google Play
CBE Mobile Banking,Commercial Bank of Ethiopia,it's best for everyone,5,2026-04-06 13:56:01,Google Play
CBE Mobile Banking,Commercial Bank of Ethiopia,good,5,2026-04-06 12:55:58,Google Play
CBE Mobile Banking,Commercial Bank of Ethiopia,good jobs,5,2026-04-06 12:47:57,Google Play
CBE Mobile Banking,Commercial Bank of Ethiopia,am happy using it.But why does it need continuous updates?,5,2026-04-06 10:30:35,Google Play
CBE Mobile Banking,Commercial Bank of Ethiopia,Good job,5,2026-04-06 04:20:55,Google Play
CBE Mobile Banking,Commercial Bank of Ethiopia,good,5,2026-04-05 19:55:30,Google Play
CBE Mobile Banking,Commercial Bank of Ethiopia,good,3,2026-04-05 16:07:14,Google Play
CBE Mobile Banking,Commercial Bank of Ethiopia,wow,5,2026-04-05 13:31:11,Google Play
CBE Mobile Banking,Commercial Bank of Ethiopia,good 👍,5,2026-04-05 11:52:22,Google Play
CBE Mobile Banking,Commercial Bank of Ethiopia,Thank you for your service.,1,2026-04-05 09:58:06,Google Play
CBE Mobile Banking,Commercial Bank of Ethiopia,nice,5,2026-04-05 02:51:27,Google Play
CBE Mobile Banking,Commercial Bank of Ethiopia,WOW!,4,2026-04-04 23:44:17,Google Play
CBE Mobile Banking,Commercial Bank of Ethiopia,i have more experience,5,2026-04-04 22:37:05,Google Play
CBE Mobile Banking,Commercial Bank of Ethiopia,good,5,2026-04-04 20:53:55,Google Play
CBE Mobile Banking,Commercial Bank of Ethiopia,i like this app,5,2026-04-04 20:14:18,Google Play
CBE Mobile Banking,Commercial Bank of Ethiopia,I love this app,5,2026-04-04 15:41:43,Google Play
CBE Mobile Banking,Commercial Bank of Ethiopia,it is not working,1,2026-04-04 13:13:10,Google Play
CBE Mobile Banking,Commercial Bank of Ethiopia,the app freezes sometimes and crashing,1,2026-04-04 11:47:31,Google Play
CBE Mobile Banking,Commercial Bank of Ethiopia,for active payment it's number one chose,5,2026-04-04 10:46:15,Google Play
CBE Mobile Banking,Commercial Bank of Ethiopia,"What a nasty Update is this !. May I say 'Events cast their shadow before happenings'. Trust, value, Bank's 'n' Customers' financial property, such like things, at risk once again(the State owned Bank experienced some months ago due to app development issues or some other unknown reasons. Unable to see my own current balance due to a hidden page being displayed, stacked transaction history since March 26th, among others. Is that a Banking app being developed by Professionals ?.",1,2026-04-04 06:46:57,Google Play
CBE Mobile Banking,Commercial Bank of Ethiopia,Very good Service provider bank,5,2026-04-04 02:20:03,Google Play
CBE Mobile Banking,Commercial Bank of Ethiopia,nice app keep it up🤝🤝,5,2026-04-03 21:26:08,Google Play
CBE Mobile Banking,Commercial Bank of Ethiopia,very much for your information 👋,5,2026-04-03 19:47:13,Google Play
CBE Mobile Banking,Commercial Bank of Ethiopia,bad👎,1,2026-04-03 17:27:53,Google Play
CBE Mobile Banking,Commercial Bank of Ethiopia,so nice to me,5,2026-04-03 08:00:59,Google Play
CBE Mobile Banking,Commercial Bank of Ethiopia,best,5,2026-04-02 22:30:37,Google Play
CBE Mobile Banking,Commercial Bank of Ethiopia,good update,5,2026-04-02 21:59:06,Google Play
CBE Mobile Banking,Commercial Bank of Ethiopia,It's a good improvement. the app,5,2026-04-02 20:13:56,Google Play
CBE Mobile Banking,Commercial Bank of Ethiopia,good,5,2026-04-02 19:46:12,Google Play
CBE Mobile Banking,Commercial Bank of Ethiopia,Excellent,5,2026-04-02 18:27:30,Google Play
CBE Mobile Banking,Commercial Bank of Ethiopia,best,5,2026-04-02 10:47:05,Google Play
CBE Mobile Banking,Commercial Bank of Ethiopia,"This app is very unreliable—slow, frequently crashes, and fails to sync properly. Transactions don’t reflect accurately; I transferred money that was deducted but never received, with no record in recent activity. It often stops working and takes too long to update. Reinstalling doesn’t help. You even have to visit a branch for it to start working, which is unacceptable today. The problem is even worse outside Ethiopia.",1,2026-04-02 06:19:50,Google Play
CBE Mobile Banking,Commercial Bank of Ethiopia,not working,5,2026-04-01 23:56:36,Google Play
CBE Mobile Banking,Commercial Bank of Ethiopia,it's fast and easy nice,5,2026-04-01 22:38:45,Google Play
CBE Mobile Banking,Commercial Bank of Ethiopia,Good,1,2026-04-01 18:34:55,Google Play
CBE Mobile Banking,Commercial Bank of Ethiopia,girms,5,2026-04-01 16:26:07,Google Play
CBE Mobile Banking,Commercial Bank of Ethiopia,"this platform is very useful for exchanging payment ,than *889#(it's slower ).🙏🙏",5,2026-04-01 15:15:10,Google Play
CBE Mobile Banking,Commercial Bank of Ethiopia,best,5,2026-04-01 13:52:50,Google Play
CBE Mobile Banking,Commercial Bank of Ethiopia,Good app,5,2026-03-31 19:56:05,Google Play
CBE Mobile Banking,Commercial Bank of Ethiopia,very excellent application the number one bank of Ethiopia thanks,5,2026-03-31 19:25:17,Google Play
CBE Mobile Banking,Commercial Bank of Ethiopia,I can't use the app months ago. It stopped working with Mobile data and WiFi. I didn't know the cause. Why this app is not compatible with Android 8?,3,2026-03-31 19:18:25,Google Play
CBE Mobile Banking,Commercial Bank of Ethiopia,not working,3,2026-03-31 19:04:32,Google Play
CBE Mobile Banking,Commercial Bank of Ethiopia,"very nice app, but charge more.",5,2026-03-31 12:20:08,Google Play
CBE Mobile Banking,Commercial Bank of Ethiopia,Why mobile Banking is not functional?,2,2026-03-31 10:35:43,Google Play
CBE Mobile Banking,Commercial Bank of Ethiopia,does this app support international transactions,3,2026-03-31 08:57:40,Google Play
CBE Mobile Banking,Commercial Bank of Ethiopia,i use CBE almost more than 5 years,3,2026-03-30 22:39:12,Google Play
CBE Mobile Banking,Commercial Bank of Ethiopia,this app essential app on this time,5,2026-03-30 21:30:47,Google Play
CBE Mobile Banking,Commercial Bank of Ethiopia,"After update not working at all, I live in abroad.",1,2026-03-30 20:25:27,Google Play
CBE Mobile Banking,Commercial Bank of Ethiopia,best app,5,2026-03-30 19:53:24,Google Play
CBE Mobile Banking,Commercial Bank of Ethiopia,nice,1,2026-03-30 18:31:29,Google Play
CBE Mobile Banking,Commercial Bank of Ethiopia,it is not well functional. It always sluggish and poor application. n Not interested because always straggling .,1,2026-03-30 17:19:52,Google Play
CBE Mobile Banking,Commercial Bank of Ethiopia,best bank ever,5,2026-03-30 15:14:12,Google Play
CBE Mobile Banking,Commercial Bank of Ethiopia,Pleas allow self service on Mobile banking.,5,2026-03-29 16:43:45,Google Play
CBE Mobile Banking,Commercial Bank of Ethiopia,saved transactions doesn't work properly it doesn't show transactions before a month only shows recent transactions even after I set filter date range,1,2026-03-29 13:03:47,Google Play
CBE Mobile Banking,Commercial Bank of Ethiopia,good,5,2026-03-29 07:40:03,Google Play
CBE Mobile Banking,Commercial Bank of Ethiopia,easygoing & Convenient to use.,5,2026-03-29 05:46:05,Google Play
CBE Mobile Banking,Commercial Bank of Ethiopia,Thank you,5,2026-03-28 18:52:04,Google Play
CBE Mobile Banking,Commercial Bank of Ethiopia,good,5,2026-03-28 18:37:19,Google Play
CBE Mobile Banking,Commercial Bank of Ethiopia,nice,5,2026-03-28 15:33:57,Google Play
CBE Mobile Banking,Commercial Bank of Ethiopia,excellent,5,2026-03-28 12:49:39,Google Play
CBE Mobile Banking,Commercial Bank of Ethiopia,It charges high amount of service charge.,1,2026-03-28 10:24:24,Google Play
CBE Mobile Banking,Commercial Bank of Ethiopia,best,5,2026-03-28 08:41:02,Google Play
CBE Mobile Banking,Commercial Bank of Ethiopia,good,5,2026-03-27 23:15:13,Google Play
CBE Mobile Banking,Commercial Bank of Ethiopia,melkam new,4,2026-03-27 23:03:00,Google Play
CBE Mobile Banking,Commercial Bank of Ethiopia,Very good service all times,5,2026-03-25 20:24:13,Google Play
CBE Mobile Banking,Commercial Bank of Ethiopia,ohh very useful and easy for use,5,2026-03-25 18:29:06,Google Play
CBE Mobile Banking,Commercial Bank of Ethiopia,wow,5,2026-03-25 15:06:54,Google Play
CBE Mobile Banking,Commercial Bank of Ethiopia,good application,5,2026-03-25 10:24:49,Google Play
CBE Mobile Banking,Commercial Bank of Ethiopia,good,5,2026-03-25 07:28:56,Google Play
CBE Mobile Banking,Commercial Bank of Ethiopia,its good,5,2026-03-24 20:06:23,Google Play
CBE Mobile Banking,Commercial Bank of Ethiopia,so nice,5,2026-03-24 17:27:29,Google Play
CBE Mobile Banking,Commercial Bank of Ethiopia,it nice and fast but usually it bad the connection by 4g network it still bad,4,2026-03-24 10:34:37,Google Play
CBE Mobile Banking,Commercial Bank of Ethiopia,not work app,5,2026-03-23 20:36:54,Google Play
CBE Mobile Banking,Commercial Bank of Ethiopia,nice App,5,2026-03-22 16:07:25,Google Play
CBE Mobile Banking,Commercial Bank of Ethiopia,CBE is my beast one for any transactions,5,2026-03-22 08:13:29,Google Play
CBE Mobile Banking,Commercial Bank of Ethiopia,very good,5,2026-03-22 04:10:40,Google Play
CBE Mobile Banking,Commercial Bank of Ethiopia,I Am Proud Of CBE Period!!!,5,2026-03-22 02:07:15,Google Play
CBE Mobile Banking,Commercial Bank of Ethiopia,digital banking,5,2026-03-21 18:50:19,Google Play
CBE Mobile Banking,Commercial Bank of Ethiopia,it is very good service you are giving,5,2026-03-21 18:48:37,Google Play
CBE Mobile Banking,Commercial Bank of Ethiopia,ps fast and easy,5,2026-03-21 11:52:38,Google Play
CBE Mobile Banking,Commercial Bank of Ethiopia,nice app for me,3,2026-03-21 10:46:43,Google Play
CBE Mobile Banking,Commercial Bank of Ethiopia,vibe,4,2026-03-21 07:29:29,Google Play
CBE Mobile Banking,Commercial Bank of Ethiopia,Tajajilli keessan dubati Hafadha አገልግሎታችሁን ዱባቲ ሀፋድህን አቆይ Your service will stay behind,1,2026-03-21 06:20:22,Google Play
CBE Mobile Banking,Commercial Bank of Ethiopia,ገላግሌ ብየዋለው ጥድት ያለ አፕ,5,2026-03-20 20:37:02,Google Play
CBE Mobile Banking,Commercial Bank of Ethiopia,best app i like it,5,2026-03-20 19:45:41,Google Play
CBE Mobile Banking,Commercial Bank of Ethiopia,it is really very poor application. i've ever experienced.,1,2026-03-20 12:31:44,Google Play
CBE Mobile Banking,Commercial Bank of Ethiopia,wow ✌️,5,2026-03-19 18:53:32,Google Play
CBE Mobile Banking,Commercial Bank of Ethiopia,EASY & SIMLPE TO MANIPULATE. COGRATS !!,4,2026-03-19 15:50:11,Google Play
CBE Mobile Banking,Commercial Bank of Ethiopia,zewediesh,4,2026-03-19 14:46:03,Google Play
CBE Mobile Banking,Commercial Bank of Ethiopia,nice app,4,2026-03-19 09:30:25,Google Play
CBE Mobile Banking,Commercial Bank of Ethiopia,Perfect App,5,2026-03-19 08:54:30,Google Play
CBE Mobile Banking,Commercial Bank of Ethiopia,🆗 g,5,2026-03-19 07:32:51,Google Play
CBE Mobile Banking,Commercial Bank of Ethiopia,the best app of mobile banking,5,2026-03-18 23:15:52,Google Play
CBE Mobile Banking,Commercial Bank of Ethiopia,ዝም ብሉ ይዞራል 😡😡😡,3,2026-03-18 17:12:23,Google Play
CBE Mobile Banking,Commercial Bank of Ethiopia,the bank You can always relay on!,5,2026-03-18 14:38:10,Google Play
CBE Mobile Banking,Commercial Bank of Ethiopia,good,1,2026-03-18 14:35:05,Google Play
CBE Mobile Banking,Commercial Bank of Ethiopia,good,5,2026-03-18 05:35:03,Google Play
CBE Mobile Banking,Commercial Bank of Ethiopia,"Why does this welcome notification appear every time the app is opened? It doesn’t add value in its current form, so please consider removing it. Alternatively, you could adjust it to appear only occasionally.",4,2026-03-17 20:57:51,Google Play
CBE Mobile Banking,Commercial Bank of Ethiopia,10Q U,5,2026-03-17 19:44:28,Google Play
CBE Mobile Banking,Commercial Bank of Ethiopia,very interesting,5,2026-03-17 18:14:20,Google Play
CBE Mobile Banking,Commercial Bank of Ethiopia,"it cant accomidate more than 2 accounts,every time i subscribe for my 3r account it vanish.",3,2026-03-17 12:35:00,Google Play
CBE Mobile Banking,Commercial Bank of Ethiopia,it's so disgusting my phone is s9+ android of 8/9 and this application still doesn't work for my phone fix it sooner as possible !,1,2026-03-17 10:00:31,Google Play
CBE Mobile Banking,Commercial Bank of Ethiopia,This app is by far one of the useless apps. It keep on sating can't sync and unable to do transfers. please for God sake fix it,1,2026-03-17 05:15:24,Google Play
CBE Mobile Banking,Commercial Bank of Ethiopia,ልስን,4,2026-03-17 00:49:28,Google Play
CBE Mobile Banking,Commercial Bank of Ethiopia,new app,5,2026-03-17 00:32:08,Google Play
CBE Mobile Banking,Commercial Bank of Ethiopia,Nice,5,2026-03-17 00:06:25,Google Play
CBE Mobile Banking,Commercial Bank of Ethiopia,it can't showed transaction history perfectly,1,2026-03-16 23:40:58,Google Play
CBE Mobile Banking,Commercial Bank of Ethiopia,it have to be work on all smart phone ratherthan limitted by version,1,2026-03-16 23:33:02,Google Play
CBE Mobile Banking,Commercial Bank of Ethiopia,All right 👍,5,2026-03-16 17:59:36,Google Play
CBE Mobile Banking,Commercial Bank of Ethiopia,you can transfer br,5,2026-03-16 17:30:18,Google Play
CBE Mobile Banking,Commercial Bank of Ethiopia,well,5,2026-03-16 14:30:46,Google Play
CBE Mobile Banking,Commercial Bank of Ethiopia,not properly work,2,2026-03-16 14:25:14,Google Play
CBE Mobile Banking,Commercial Bank of Ethiopia,nice app,5,2026-03-16 01:11:05,Google Play
CBE Mobile Banking,Commercial Bank of Ethiopia,proud of CBE. CBE is my everyday day choice and confidence.,5,2026-03-15 15:55:23,Google Play
CBE Mobile Banking,Commercial Bank of Ethiopia,It would be great if you could add tele birr agent to the transfer to wallet.,2,2026-03-15 03:40:13,Google Play
CBE Mobile Banking,Commercial Bank of Ethiopia,love,5,2026-03-15 01:10:36,Google Play
CBE Mobile Banking,Commercial Bank of Ethiopia,"To the CBE: I opened my account 8 years ago while working as a government employee in Harerghe. Now I live in Addis Ababa, yet my account has been frozen without any explanation. I contacted nearby branches and even the head office, and all I was told is that I must go to the branch where I originally opened my account-over 400 km away. How is this fair/legal? Expecting a customer to travel over 400km just to reactivate an account is unreasonable and shows a total disregard for customer rights.",3,2026-03-14 22:06:54,Google Play
CBE Mobile Banking,Commercial Bank of Ethiopia,"it's good, but sometime the app can not be fast and it will need upgraeds.....?",4,2026-03-14 20:29:26,Google Play
CBE Mobile Banking,Commercial Bank of Ethiopia,I gone to cbe branch more times as I updated or re installed it because it asks verfication no. after reinstallation or updation tis costy for you,4,2026-03-14 13:22:01,Google Play
CBE Mobile Banking,Commercial Bank of Ethiopia,wonderful Pp,5,2026-03-14 12:59:40,Google Play
CBE Mobile Banking,Commercial Bank of Ethiopia,l want Mobile banks code,5,2026-03-13 23:44:11,Google Play
CBE Mobile Banking,Commercial Bank of Ethiopia,My application are not working,5,2026-03-13 19:03:32,Google Play
CBE Mobile Banking,Commercial Bank of Ethiopia,its good customer support,4,2026-03-13 18:41:06,Google Play
CBE Mobile Banking,Commercial Bank of Ethiopia,Can't active now,3,2026-03-13 16:18:33,Google Play
CBE Mobile Banking,Commercial Bank of Ethiopia,this app is really make me excited 😊,5,2026-03-13 14:07:46,Google Play
CBE Mobile Banking,Commercial Bank of Ethiopia,Easy to use and best way for online transactions in Ethiopia.,4,2026-03-12 23:48:45,Google Play
CBE Mobile Banking,Commercial Bank of Ethiopia,good,5,2026-03-12 16:24:38,Google Play
CBE Mobile Banking,Commercial Bank of Ethiopia,ቸርነት ገበየሁ,5,2026-03-12 11:55:21,Google Play
CBE Mobile Banking,Commercial Bank of Ethiopia,"False advertising regarding Virtual Mastercard/Visa 😓😢😓 The latest update claims to support Mastercard and Visa cards, but this is completely false. The features are either missing or do not work at all. It is shameful for a leading bank to mislead its customers with ""new features"" that aren't actually available. Fix the bugs or stop making false promises.",1,2026-03-12 10:24:57,Google Play
CBE Mobile Banking,Commercial Bank of Ethiopia,good,5,2026-03-12 07:30:50,Google Play
CBE Mobile Banking,Commercial Bank of Ethiopia,thanks for my custom,5,2026-03-12 01:27:30,Google Play
CBE Mobile Banking,Commercial Bank of Ethiopia,is good always not work not access.,2,2026-03-11 15:58:44,Google Play
CBE Mobile Banking,Commercial Bank of Ethiopia,perfect 👌,5,2026-03-11 12:20:38,Google Play
CBE Mobile Banking,Commercial Bank of Ethiopia,Baankiin Daldala Itoophiyaa nuuf qabeenya guddaa tahuu hin dagatinaa Mata duree ykn Handhuura baankii hundaati,5,2026-03-11 10:59:21,Google Play
CBE Mobile Banking,Commercial Bank of Ethiopia,The worst Application,1,2026-03-10 20:36:21,Google Play
CBE Mobile Banking,Commercial Bank of Ethiopia,keepup the good work thanks,5,2026-03-10 19:11:27,Google Play
CBE Mobile Banking,Commercial Bank of Ethiopia,it good,5,2026-03-10 18:51:35,Google Play
CBE Mobile Banking,Commercial Bank of Ethiopia,loved,5,2026-03-10 15:40:29,Google Play
CBE Mobile Banking,Commercial Bank of Ethiopia,good,5,2026-03-09 18:53:20,Google Play
CBE Mobile Banking,Commercial Bank of Ethiopia,exellent app!!!!!,5,2026-03-09 17:40:20,Google Play
CBE Mobile Banking,Commercial Bank of Ethiopia,it's good,3,2026-03-09 16:20:53,Google Play
CBE Mobile Banking,Commercial Bank of Ethiopia,easy to use,5,2026-03-09 16:09:51,Google Play
CBE Mobile Banking,Commercial Bank of Ethiopia,good,5,2026-03-09 07:13:02,Google Play
CBE Mobile Banking,Commercial Bank of Ethiopia,Very Good service,5,2026-03-09 01:29:13,Google Play
CBE Mobile Banking,Commercial Bank of Ethiopia,The most dictator app in the banking industry. you beg for your own amount.,1,2026-03-09 01:12:42,Google Play
CBE Mobile Banking,Commercial Bank of Ethiopia,Very good,5,2026-03-08 23:09:22,Google Play
CBE Mobile Banking,Commercial Bank of Ethiopia,ጥሩ ነው,5,2026-03-08 12:06:29,Google Play
CBE Mobile Banking,Commercial Bank of Ethiopia,ቀርፋፋ ነዉ,2,2026-03-08 01:13:48,Google Play
CBE Mobile Banking,Commercial Bank of Ethiopia,their is no option to write the code and it is not functioning and i can't find the setting,1,2026-03-07 19:49:41,Google Play
CBE Mobile Banking,Commercial Bank of Ethiopia,I like it,4,2026-03-07 13:57:39,Google Play
CBE Mobile Banking,Commercial Bank of Ethiopia,slowing on connection.,3,2026-03-07 13:13:55,Google Play
CBE Mobile Banking,Commercial Bank of Ethiopia,please release an app which can work for all android versions.,1,2026-03-07 11:11:40,Google Play
CBE Mobile Banking,Commercial Bank of Ethiopia,"The previous application is good, but currently, after updating the application, everything is not working properly.",1,2026-03-07 01:16:49,Google Play
CBE Mobile Banking,Commercial Bank of Ethiopia,first bank itoophiyaa nigd bank,5,2026-03-06 23:43:11,Google Play
CBE Mobile Banking,Commercial Bank of Ethiopia,Good,5,2026-03-06 23:02:02,Google Play
CBE Mobile Banking,Commercial Bank of Ethiopia,heddu gaalatoma,5,2026-03-06 22:59:58,Google Play
CBE Mobile Banking,Commercial Bank of Ethiopia,"Did you know that if you open and hide your balance amount, it's font size will grow untill you can make it grow anymore because the Eye thingy will disappear (😭😭🫠)",4,2026-03-06 16:59:20,Google Play
CBE Mobile Banking,Commercial Bank of Ethiopia,this is best app,4,2026-03-06 16:44:43,Google Play
CBE Mobile Banking,Commercial Bank of Ethiopia,"sometimes it shows ""the app is not configured to the latest"" message. Version 5.2 4",3,2026-03-06 09:52:48,Google Play
CBE Mobile Banking,Commercial Bank of Ethiopia,"Due to app version is to long ,this app is more lost money for new phone,im sory the new CBE app developper!",1,2026-03-06 00:55:58,Google Play
CBE Mobile Banking,Commercial Bank of Ethiopia,I am using most of my financial things smoothly.,5,2026-03-05 19:33:46,Google Play
CBE Mobile Banking,Commercial Bank of Ethiopia,good,4,2026-03-05 19:19:24,Google Play
CBE Mobile Banking,Commercial Bank of Ethiopia,Nice,5,2026-03-05 18:30:09,Google Play
CBE Mobile Banking,Commercial Bank of Ethiopia,ወደ ቴሌ ለማስተላለፍ ዕምብ አለ,5,2026-03-05 17:22:56,Google Play
CBE Mobile Banking,Commercial Bank of Ethiopia,nic,5,2026-03-05 15:09:52,Google Play
CBE Mobile Banking,Commercial Bank of Ethiopia,good,5,2026-03-05 14:09:46,Google Play
CBE Mobile Banking,Commercial Bank of Ethiopia,Excellent app,5,2026-03-05 13:11:52,Google Play
CBE Mobile Banking,Commercial Bank of Ethiopia,I like this apk and also I can accessed it wel!,5,2026-03-05 10:12:26,Google Play
CBE Mobile Banking,Commercial Bank of Ethiopia,This app is not working on samsung j6 devices this is not fair we can't afford to buy new devices so u have to make work on this devices to?,1,2026-03-04 20:15:57,Google Play
CBE Mobile Banking,Commercial Bank of Ethiopia,best,5,2026-03-04 20:04:15,Google Play
CBE Mobile Banking,Commercial Bank of Ethiopia,it's very good apps I like it,5,2026-03-04 19:45:11,Google Play
CBE Mobile Banking,Commercial Bank of Ethiopia,Good work,5,2026-03-04 12:02:20,Google Play
CBE Mobile Banking,Commercial Bank of Ethiopia,"Good app, Thanks",5,2026-03-04 11:51:33,Google Play
CBE Mobile Banking,Commercial Bank of Ethiopia,my choice,5,2026-03-04 02:46:14,Google Play
CBE Mobile Banking,Commercial Bank of Ethiopia,strong 💪,5,2026-03-03 23:11:02,Google Play
CBE Mobile Banking,Commercial Bank of Ethiopia,Good,5,2026-03-03 17:42:47,Google Play
CBE Mobile Banking,Commercial Bank of Ethiopia,Excellent,5,2026-03-03 16:44:53,Google Play
CBE Mobile Banking,Commercial Bank of Ethiopia,Your app is not working for android version 8. pls make it available!!,2,2026-03-03 11:46:13,Google Play
CBE Mobile Banking,Commercial Bank of Ethiopia,I couldn't pay/transfer to my loan account. Would you mind updating your system?,3,2026-03-03 10:55:06,Google Play
CBE Mobile Banking,Commercial Bank of Ethiopia,it is good important applications gofowards cbe,5,2026-03-03 10:15:30,Google Play
CBE Mobile Banking,Commercial Bank of Ethiopia,sestem esy,1,2026-03-03 05:52:56,Google Play
CBE Mobile Banking,Commercial Bank of Ethiopia,account not raning,5,2026-03-03 04:02:36,Google Play
CBE Mobile Banking,Commercial Bank of Ethiopia,bergit koranibachihu fetan agelgilot eyagegnen new.....💪,5,2026-03-03 01:26:15,Google Play
CBE Mobile Banking,Commercial Bank of Ethiopia,bad,1,2026-03-02 21:21:59,Google Play
Dashen Bank,Dashen Bank,ምንም አይሰራም 🥹 በጣም ያናድዳል አንድ ነገር ለመጠቀማ በአስራ አምስት ቀን ሙከራ ራሱ አይሰራም በጣም የሚያስጠላ ሲስተም ነው እኔ ከአስር 1 እራሱ አልሰጠውም,1,2026-05-13 21:37:46,Google Play
Dashen Bank,Dashen Bank,bad mobile banking at all,1,2026-05-13 19:14:11,Google Play
Dashen Bank,Dashen Bank,very nice app.,5,2026-05-13 17:44:57,Google Play
Dashen Bank,Dashen Bank,very difficult app,1,2026-05-13 16:26:31,Google Play
Dashen Bank,Dashen Bank,"Good app, but debit transactions not allowed Why ?",5,2026-05-13 11:41:27,Google Play
Dashen Bank,Dashen Bank,nice,5,2026-05-13 08:15:58,Google Play
Dashen Bank,Dashen Bank,"Very bad customer service line. they won't pick up, dialed repeatedly. waited on hold for 20 minutes+. The worst customer service line I have experienced from a big bank.",1,2026-05-12 17:33:07,Google Play
Dashen Bank,Dashen Bank,smart app,5,2026-05-12 17:22:54,Google Play
Dashen Bank,Dashen Bank,The application booting time is so bad..,3,2026-05-12 16:43:12,Google Play
Dashen Bank,Dashen Bank,good,5,2026-05-12 14:56:04,Google Play
Dashen Bank,Dashen Bank,excelent,5,2026-05-12 14:29:35,Google Play
Dashen Bank,Dashen Bank,this app is amaizing,5,2026-05-11 22:11:19,Google Play
Dashen Bank,Dashen Bank,fast and very easy to use,5,2026-05-11 15:47:09,Google Play
Dashen Bank,Dashen Bank,good but it takes forever to load,4,2026-05-11 14:48:42,Google Play
Dashen Bank,Dashen Bank,easy tp use.,5,2026-05-11 12:37:14,Google Play
Dashen Bank,Dashen Bank,best app i ever seen,5,2026-05-11 10:21:04,Google Play
Dashen Bank,Dashen Bank,it is best but sometime when I need to sign in it request update,3,2026-05-10 17:55:20,Google Play
Dashen Bank,Dashen Bank,nice financial app 👌,5,2026-05-10 14:24:43,Google Play
Dashen Bank,Dashen Bank,it is terrible and shame update request 3 times a month what is the matter with us?,1,2026-05-09 18:01:39,Google Play
Dashen Bank,Dashen Bank,good,5,2026-05-09 15:59:04,Google Play
Dashen Bank,Dashen Bank,Dashen super app is the latest mobile banking.,5,2026-05-09 13:17:28,Google Play
Dashen Bank,Dashen Bank,best but not staple suit and not fast,5,2026-05-09 12:24:55,Google Play
Dashen Bank,Dashen Bank,best app,5,2026-05-09 10:03:27,Google Play
Dashen Bank,Dashen Bank,appn keessan kun daddafee update gaafata yeroo gootee garuu password block godhaa maallifi,5,2026-05-09 01:09:54,Google Play
Dashen Bank,Dashen Bank,"Dashen Supper up Dashen Bank ,Always one step ahead!",5,2026-05-08 22:46:47,Google Play
Dashen Bank,Dashen Bank,top mobile banking app,5,2026-05-08 21:21:01,Google Play
Dashen Bank,Dashen Bank,Thank you Dashen Bank,5,2026-05-08 20:35:48,Google Play
Dashen Bank,Dashen Bank,best app,5,2026-05-08 19:47:21,Google Play
Dashen Bank,Dashen Bank,dashin bank one step a head,5,2026-05-08 19:34:34,Google Play
Dashen Bank,Dashen Bank,Good,5,2026-05-08 19:30:52,Google Play
Dashen Bank,Dashen Bank,Nice,5,2026-05-08 19:05:53,Google Play
Dashen Bank,Dashen Bank,nice bank,5,2026-05-08 17:24:57,Google Play
Dashen Bank,Dashen Bank,good app,5,2026-05-08 15:15:59,Google Play
Dashen Bank,Dashen Bank,The best mobile super app in Ethiopia specifically I like it's User interface(UI),4,2026-05-08 13:39:52,Google Play
Dashen Bank,Dashen Bank,best app,5,2026-05-06 22:43:18,Google Play
Dashen Bank,Dashen Bank,Best app👍,5,2026-05-04 19:34:32,Google Play
Dashen Bank,Dashen Bank,yes goode app,5,2026-05-04 00:40:12,Google Play
Dashen Bank,Dashen Bank,very interesting,5,2026-05-03 00:20:19,Google Play
Dashen Bank,Dashen Bank,Wrong advertisement! You can't open an account using the app.,1,2026-05-01 22:53:22,Google Play
Dashen Bank,Dashen Bank,I like it,5,2026-05-01 14:42:27,Google Play
Dashen Bank,Dashen Bank,best,5,2026-04-30 22:03:12,Google Play
Dashen Bank,Dashen Bank,I can't open a bank account It says 'something went wrong',5,2026-04-30 20:18:40,Google Play
Dashen Bank,Dashen Bank,"👍👍 አሪፍ ነው ""ለአጠቃም ቀላል ምቹ እና አስተማማኝ ነው ተመችቶኛል 💚💛❤️",5,2026-04-30 16:19:31,Google Play
Dashen Bank,Dashen Bank,no faset dashen bsnk,1,2026-04-29 22:20:54,Google Play
Dashen Bank,Dashen Bank,it forgets the password in weeks and the biometric password too it says wrong password fix it,1,2026-04-28 18:44:30,Google Play
Dashen Bank,Dashen Bank,"Misguiding - Claimed people can convert ETB to USD for online payments, but not true.",1,2026-04-27 20:01:19,Google Play
Dashen Bank,Dashen Bank,good,5,2026-04-27 14:05:49,Google Play
Dashen Bank,Dashen Bank,super,5,2026-04-27 12:30:43,Google Play
Dashen Bank,Dashen Bank,"I can't even get into the app just because my Developer mode setting is turned on? why am I getting this message? I'm never turning it off. bye, what a great app😏, it only lasted 3 minutes on my phone (I uninstalled it).",1,2026-04-26 16:37:04,Google Play
Dashen Bank,Dashen Bank,good,5,2026-04-26 16:03:23,Google Play
Dashen Bank,Dashen Bank,wowAmazing Apps,5,2026-04-26 15:02:17,Google Play
Dashen Bank,Dashen Bank,great app,5,2026-04-26 13:53:38,Google Play
Dashen Bank,Dashen Bank,couldn't open an account onlie. gives me an error repeatedly.,2,2026-04-26 11:47:50,Google Play
Dashen Bank,Dashen Bank,I think this app is best compared with other Ethiopian mobile banking apps,5,2026-04-25 18:27:41,Google Play
Dashen Bank,Dashen Bank,wow amazing!!!,5,2026-04-24 22:31:55,Google Play
Dashen Bank,Dashen Bank,dashen bank super app is incredible !!,3,2026-04-24 21:52:42,Google Play
Dashen Bank,Dashen Bank,So great easy wonderfully 😍😍😍,5,2026-04-24 19:16:37,Google Play
Dashen Bank,Dashen Bank,good,5,2026-04-24 10:42:57,Google Play
Dashen Bank,Dashen Bank,nice,5,2026-04-24 00:29:57,Google Play
Dashen Bank,Dashen Bank,Dashen app is #1,5,2026-04-23 23:24:56,Google Play
Dashen Bank,Dashen Bank,cool app,3,2026-04-23 23:01:14,Google Play
Dashen Bank,Dashen Bank,super app give alot coin when I shake it zero result😃,1,2026-04-23 13:03:26,Google Play
Dashen Bank,Dashen Bank,I realy appreciate it especially virtual card opportunity go a head!👍👍,5,2026-04-23 11:27:52,Google Play
Dashen Bank,Dashen Bank,ok👌,5,2026-04-23 10:39:59,Google Play
Dashen Bank,Dashen Bank,adegn,5,2026-04-23 10:01:36,Google Play
Dashen Bank,Dashen Bank,app size is small and the app is convenient,5,2026-04-22 20:25:50,Google Play
Dashen Bank,Dashen Bank,when compared this app to CBE&Awash pro CBE&Awash pro is better and simple for using.,1,2026-04-22 19:08:58,Google Play
Dashen Bank,Dashen Bank,I used this app always,5,2026-04-22 17:20:29,Google Play
Dashen Bank,Dashen Bank,good bank Dashen,5,2026-04-22 16:04:55,Google Play
Dashen Bank,Dashen Bank,Very reliable.,5,2026-04-22 15:42:17,Google Play
Dashen Bank,Dashen Bank,Good app,5,2026-04-22 13:53:21,Google Play
Dashen Bank,Dashen Bank,it is excellent and well securried application for using it.,5,2026-04-19 17:59:13,Google Play
Dashen Bank,Dashen Bank,The worst mobile banking app ever... I don't think I am ever going to deposit anything from now on if I can't use the app properly. At one point it's working and when you close it and try after 5 minutes it won't even open. A bank this big should be ashamed of not being able to fix it for this long.,1,2026-04-18 11:50:55,Google Play
Dashen Bank,Dashen Bank,amazing,5,2026-04-18 10:42:52,Google Play
Dashen Bank,Dashen Bank,good,5,2026-04-18 10:26:32,Google Play
Dashen Bank,Dashen Bank,"i am not interested at all the transaction fee , specially i can't make transaction with wallets..........i thought it was cool ....not interested fix everything and also it have long time loading ufffff",2,2026-04-18 07:15:59,Google Play
Dashen Bank,Dashen Bank,The app is not swift and does not use a fast lightweight connection.,2,2026-04-17 03:31:35,Google Play
Dashen Bank,Dashen Bank,"I am experiencing a serious issue with the Dashen Super App. I visited a branch and my account was successfully activated. However, shortly after (within about 7 hours), the app started asking me again to visit the branch. In addition, my account balance is not showing even after updating the app, and I can no longer see my account number. This situation is very frustrating, especially after completing the required verification at the branch. The system does not seem stable and it is affecting",1,2026-04-16 23:45:12,Google Play
Dashen Bank,Dashen Bank,nice but i ask every week to update.,5,2026-04-16 16:02:45,Google Play
Dashen Bank,Dashen Bank,i have used this app starting from the first date that launched it is interested and easiest app next to tellbirr in my experience,5,2026-04-11 14:23:08,Google Play
Dashen Bank,Dashen Bank,The worst mobile banking app in Ethiopia🤮🤮🤮,1,2026-04-10 11:53:12,Google Play
Dashen Bank,Dashen Bank,it is very Exciting app🙏,5,2026-04-09 11:24:53,Google Play
Dashen Bank,Dashen Bank,Transfer to other bank link is still not working .,5,2026-04-09 05:58:35,Google Play
Dashen Bank,Dashen Bank,super fast,5,2026-04-08 16:23:09,Google Play
Dashen Bank,Dashen Bank,👌👌👌👌,5,2026-04-08 11:19:43,Google Play
Dashen Bank,Dashen Bank,it is not working,1,2026-04-07 11:57:24,Google Play
Dashen Bank,Dashen Bank,where is the virtual master card you are talking about. are we allowed to have multiple cards since its virtual btw your app is nice,5,2026-04-06 22:00:35,Google Play
Dashen Bank,Dashen Bank,Why haven’t you fixed this issue 👇 Temporarily Unavailable We're currently updating this service to improve your experience. It will be restored soon. Thank you for your patience,4,2026-04-06 18:38:04,Google Play
Dashen Bank,Dashen Bank,The Best Bank,5,2026-04-05 16:15:37,Google Play
Dashen Bank,Dashen Bank,great,5,2026-04-04 23:16:07,Google Play
Dashen Bank,Dashen Bank,this dashin super app that I don't recommend anyone use it,1,2026-04-04 20:31:34,Google Play
Dashen Bank,Dashen Bank,በዋይፋይ አይሰራም።,1,2026-04-04 14:54:57,Google Play
Dashen Bank,Dashen Bank,there is no a system every day,1,2026-04-04 12:38:33,Google Play
Dashen Bank,Dashen Bank,You talk much more !! Nothing is UNIQUE THAN OTHER APPS!!!,1,2026-04-04 04:30:35,Google Play
Dashen Bank,Dashen Bank,good,4,2026-04-01 18:22:40,Google Play
Dashen Bank,Dashen Bank,nice app,4,2026-04-01 09:15:08,Google Play
Dashen Bank,Dashen Bank,"The app is grand. but it's missing two things. one is the option to see exchange rates and the other is, when opening the app we would love it if there is the option to input your biometrics directly instead of clicking another button to pop it up.",5,2026-03-31 23:41:30,Google Play
Dashen Bank,Dashen Bank,i got question why we can't withdraw my remaining 50 birr..... anyother bank let me with draw any amount but dashnbank is kinda of annoying it says it has 50 has to remain are u somekind of theif or tell me how to fix this😡😡,1,2026-03-28 12:47:38,Google Play
Dashen Bank,Dashen Bank,very good,5,2026-03-25 15:23:52,Google Play
Dashen Bank,Dashen Bank,ምርጥ ነው።,5,2026-03-22 22:32:47,Google Play
Dashen Bank,Dashen Bank,👍🏿good,5,2026-03-21 13:33:49,Google Play
Dashen Bank,Dashen Bank,amaizing app,5,2026-03-17 13:12:15,Google Play
Dashen Bank,Dashen Bank,best option,5,2026-03-16 04:24:06,Google Play
Dashen Bank,Dashen Bank,good,5,2026-03-14 15:49:58,Google Play
Dashen Bank,Dashen Bank,like 🥰,5,2026-03-12 00:40:41,Google Play
Dashen Bank,Dashen Bank,worst application,1,2026-03-11 20:09:21,Google Play
Dashen Bank,Dashen Bank,best,5,2026-03-10 16:25:37,Google Play
Dashen Bank,Dashen Bank,Excellent,5,2026-03-08 15:56:24,Google Play
Dashen Bank,Dashen Bank,so funy,5,2026-03-08 15:37:18,Google Play
Dashen Bank,Dashen Bank,Good luck 👍 for my ambition ✔️💯%,4,2026-03-08 06:30:05,Google Play
Dashen Bank,Dashen Bank,good job,4,2026-03-07 13:58:21,Google Play
Dashen Bank,Dashen Bank,ዳሸን ሱፐር አፕ ይለያል,5,2026-03-07 07:23:24,Google Play
Dashen Bank,Dashen Bank,Nice,4,2026-03-06 12:10:17,Google Play
Dashen Bank,Dashen Bank,ሁሌ አይሰራም መሽከርከር ብቻ ባላንስ አያሳይ ትራንስፈር አይሰራ አፑ ራሱ አይከፍት ብር ይቆርጣል እንጂ አይልክ ። ወሬ ብቻ 4 ወር አየውት ወሬ ቲሽ,1,2026-03-05 16:42:52,Google Play
Dashen Bank,Dashen Bank,dashen bank super up,5,2026-03-05 14:58:54,Google Play
Dashen Bank,Dashen Bank,good but not fast,1,2026-03-03 17:16:33,Google Play
Dashen Bank,Dashen Bank,it works all we need but if there is good internet connection.,3,2026-03-01 10:53:05,Google Play
Dashen Bank,Dashen Bank,birhanu debebe getahuu,5,2026-02-27 22:30:13,Google Play
Dashen Bank,Dashen Bank,waw,5,2026-02-27 14:27:56,Google Play
Dashen Bank,Dashen Bank,yes waw,5,2026-02-26 01:11:10,Google Play
Dashen Bank,Dashen Bank,I use this app it's best,5,2026-02-25 20:25:54,Google Play
Dashen Bank,Dashen Bank,"What's the problem with VPN?, i use a local VPN and turning that off for this app sucks",1,2026-02-25 20:18:56,Google Play
Dashen Bank,Dashen Bank,Thank you. Very nice App.,5,2026-02-25 18:47:19,Google Play
Dashen Bank,Dashen Bank,very important,5,2026-02-23 23:41:43,Google Play
Dashen Bank,Dashen Bank,"Dashen Bank SuperApp is user‑friendly, fast, and very convenient for daily banking. Transactions are smooth, and the app keeps improving with useful features. A great digital banking experience overall highly recommended.",5,2026-02-23 20:04:51,Google Play
Dashen Bank,Dashen Bank,Biometrc authentication is not working in this updated version.,3,2026-02-23 14:34:56,Google Play
Dashen Bank,Dashen Bank,perfect,5,2026-02-21 18:58:47,Google Play
Dashen Bank,Dashen Bank,One of the best in Ethiopia,5,2026-02-20 16:27:45,Google Play
Dashen Bank,Dashen Bank,Mostly slow or doesn't open altogether. A clumsy app,2,2026-02-16 12:34:40,Google Play
Dashen Bank,Dashen Bank,"This is painfully very slow to load, switch between accounts and check balances.",1,2026-02-13 17:40:19,Google Play
Dashen Bank,Dashen Bank,Nice,5,2026-02-10 22:32:20,Google Play
Dashen Bank,Dashen Bank,"the app used to work fine, but the last update ruined something even RTGS transfer isn't working",2,2026-02-10 13:59:06,Google Play
Dashen Bank,Dashen Bank,The app is good but sometimes it is lagging,4,2026-02-09 14:07:52,Google Play
Dashen Bank,Dashen Bank,please fix the glitch it has bug,3,2026-02-09 13:35:09,Google Play
Dashen Bank,Dashen Bank,Problem Everyday! Not even close to other banking apps. Crashing every time and failed to load most of the time!,1,2026-02-09 10:03:04,Google Play
Dashen Bank,Dashen Bank,This is the worst mobile banking app I've ever used 😡 please improve it.,1,2026-02-07 08:33:44,Google Play
Dashen Bank,Dashen Bank,The most realistic and modernized financial service in ethiopia i recommend every individual to use this application probably. Always one step ahed 💯,5,2026-02-03 20:38:00,Google Play
Dashen Bank,Dashen Bank,It's very interesting,5,2026-02-02 14:30:36,Google Play
Dashen Bank,Dashen Bank,"The most unreliable, frustrating and worst app I have ever used! imagine being in a restaurant and trying paying bills, but not processing! It is the time you will deeply understand what reliability means.",1,2026-02-01 18:38:08,Google Play
Dashen Bank,Dashen Bank,"the amount of times I have gone to the bank to get this thing working is a lot. on top of that, it stops working on a random day which means another bank visit. found it to be unreliable",1,2026-01-31 09:07:21,Google Play
Dashen Bank,Dashen Bank,"Disgusting! You can't Buy any goods thinking you will transfer from this app. it is so inconsistent, it is not reliable. The so Called Super app is Super slow. Such a shame! 2/10.",1,2026-01-31 08:33:58,Google Play
Dashen Bank,Dashen Bank,መልክ ብቻ,1,2026-01-31 07:17:30,Google Play
Dashen Bank,Dashen Bank,"The app is great but please, please do something with the mini statement and the transactions to CBE 🙏🙏🙏",2,2026-01-31 00:48:46,Google Play
Dashen Bank,Dashen Bank,please the app is not working properly. fix this problem soon. it's not loading my balance and not able to transfer fund .,3,2026-01-30 21:35:01,Google Play
Dashen Bank,Dashen Bank,other bank and telebirr didn't work. Niged Bank is much better,1,2026-01-30 21:26:45,Google Play
Dashen Bank,Dashen Bank,It is so boring.....,1,2026-01-30 18:10:43,Google Play
Dashen Bank,Dashen Bank,"It is the slowest and most problematic app I have used. The app is often busy and does not open properly. Even when it opens, it fails to display my deposit account balance. I have already updated the app, but the issue is still the same. Dashen, please wake up and fix this.",1,2026-01-30 16:09:00,Google Play
Dashen Bank,Dashen Bank,stops working when you need it most.... and its on multiple occasions. and they won't even fix it right away.,1,2026-01-30 10:50:29,Google Play
Dashen Bank,Dashen Bank,"This app is so laggy and unreliable, can't even make transaction to wallet or other bank. I tried to reinstall the app now i can't even login to the app",1,2026-01-30 10:47:09,Google Play
Dashen Bank,Dashen Bank,yes it's the best app,5,2026-01-29 20:04:51,Google Play
Dashen Bank,Dashen Bank,please improve the app function on its not working properly,3,2026-01-29 15:24:21,Google Play
Dashen Bank,Dashen Bank,good,5,2026-01-27 19:01:25,Google Play
Dashen Bank,Dashen Bank,best,5,2026-01-26 10:39:58,Google Play
Dashen Bank,Dashen Bank,my dashen is really proud,5,2026-01-24 17:47:23,Google Play
Dashen Bank,Dashen Bank,the new update asks for a pin again & again its annoying fix it,1,2026-01-24 12:47:20,Google Play
Dashen Bank,Dashen Bank,very nice,5,2026-01-23 17:19:45,Google Play
Dashen Bank,Dashen Bank,best,5,2026-01-23 15:45:21,Google Play
Dashen Bank,Dashen Bank,the best design speed attractive 😍 i love this app,5,2026-01-21 22:24:51,Google Play
Dashen Bank,Dashen Bank,Good 👍,5,2026-01-21 21:09:40,Google Play
Dashen Bank,Dashen Bank,"The user interface and functions are impressive. However, it lags when performing several transactions. It needs attention.",3,2026-01-21 17:34:13,Google Play
Dashen Bank,Dashen Bank,it's fast and easy,4,2026-01-20 16:49:44,Google Play
Dashen Bank,Dashen Bank,best in class bank,5,2026-01-20 15:40:19,Google Play
Dashen Bank,Dashen Bank,it's good,5,2026-01-20 12:03:57,Google Play
Dashen Bank,Dashen Bank,Masha Allah this application platform very active and fast so thank you so much future greater than above transaction other customers uster satisfaction regarding to digitalization of Ethiopia 2030 and world 🌎,5,2026-01-19 21:40:20,Google Play
Dashen Bank,Dashen Bank,worst bank ever ...,1,2026-01-19 02:36:54,Google Play
Dashen Bank,Dashen Bank,dashen: always one stepbahead!,5,2026-01-17 16:58:26,Google Play
Dashen Bank,Dashen Bank,good app,5,2026-01-17 10:59:56,Google Play
Dashen Bank,Dashen Bank,higher like the mountain,5,2026-01-16 16:17:52,Google Play
Dashen Bank,Dashen Bank,verynice app great,5,2026-01-16 13:15:01,Google Play
Dashen Bank,Dashen Bank,Important App,4,2026-01-16 11:41:49,Google Play
Dashen Bank,Dashen Bank,please adjust to send to other telebirr wallet,4,2026-01-14 16:09:51,Google Play
Dashen Bank,Dashen Bank,good,5,2026-01-12 22:14:06,Google Play
Dashen Bank,Dashen Bank,ባንችአታላይ ቤዛዊ ትሸዊት ዳሽንባንክ,1,2026-01-10 13:25:13,Google Play
Dashen Bank,Dashen Bank,"Dashen supper app is fast ,secure, user-friendly and reliable app that makes managing my daily transaction .This app gives me total control over my accounts with peace of mind.",5,2026-01-09 22:39:57,Google Play
Dashen Bank,Dashen Bank,this app good,5,2026-01-09 19:18:38,Google Play
Dashen Bank,Dashen Bank,The old version was much better than the Super App. The Super App has many issues. You should consider rewarding users who report problems to help improve it and truly make it Super,3,2026-01-08 18:56:30,Google Play
Dashen Bank,Dashen Bank,THE WORST BANK. THE WORST APP.,1,2026-01-08 17:00:09,Google Play
Dashen Bank,Dashen Bank,nice app,5,2026-01-07 20:28:53,Google Play
Dashen Bank,Dashen Bank,best,5,2026-01-05 07:48:07,Google Play
Dashen Bank,Dashen Bank,satisfied,4,2026-01-03 11:40:40,Google Play
Dashen Bank,Dashen Bank,Very bad app I ever saw,1,2026-01-02 19:51:23,Google Play
Dashen Bank,Dashen Bank,"Very disappointing app. Other bank transfers don’t work at all I keep getting errors. It’s slow, unreliable, and frustrating Please fix this issue until then, I don’t recommend it",1,2025-12-31 01:45:15,Google Play
Dashen Bank,Dashen Bank,best 👌 app,5,2025-12-30 11:52:51,Google Play
Dashen Bank,Dashen Bank,"I have been trying repeatedly to send money to my Telebirr wallet and to another account, but your platform completely fails to process the transactions. This has been nothing but a waste of my time and patience. Your system is unreliable and clearly not working as it should. I also contacted your customer service, hoping for support, but they were useless and unprofessional. They showed zero interest in actually solving the problem and offered no meaningful help at all.👎👎👎",1,2025-12-28 07:32:39,Google Play
Dashen Bank,Dashen Bank,true app,5,2025-12-27 18:18:01,Google Play
Dashen Bank,Dashen Bank,Waw dashen bank my frist choice 👍👍,5,2025-12-26 21:20:00,Google Play
Dashen Bank,Dashen Bank,Am satisfied more enough....with Dashen Bank,5,2025-12-26 01:42:01,Google Play
Dashen Bank,Dashen Bank,it is a pity that this apk is loosing it purpose and focus diverted. this days it is trash. amole is by far better in serving its purpose,1,2025-12-23 10:41:58,Google Play
Dashen Bank,Dashen Bank,telebirr suparapp,5,2025-12-22 23:18:40,Google Play
Dashen Bank,Dashen Bank,good,5,2025-12-22 17:18:12,Google Play
Dashen Bank,Dashen Bank,Very good,5,2025-12-22 15:02:52,Google Play
Dashen Bank,Dashen Bank,"the most experienced app, so nice job dashen bank s.c .",5,2025-12-21 23:28:56,Google Play
Dashen Bank,Dashen Bank,it's good app I liked,5,2025-12-21 20:37:24,Google Play
Dashen Bank,Dashen Bank,"An interesting app; that is convenient, user friendly, fast & so on... w/c leads the banking services to be digitalized locally and be competitive globally at large. We'r proud of DB!!",5,2025-12-20 23:55:13,Google Play
Dashen Bank,Dashen Bank,i love dashe supper up. keep up my bank,5,2025-12-19 20:18:10,Google Play
Dashen Bank,Dashen Bank,perfect,5,2025-12-18 16:30:07,Google Play
Dashen Bank,Dashen Bank,goood app,4,2025-12-17 13:14:27,Google Play
Dashen Bank,Dashen Bank,Nice app.,5,2025-12-17 02:25:31,Google Play
Dashen Bank,Dashen Bank,nice,5,2025-12-16 16:01:11,Google Play
Dashen Bank,Dashen Bank,dashing bank,5,2025-12-16 15:25:13,Google Play
Dashen Bank,Dashen Bank,it is amazing app and also secure,5,2025-12-16 13:32:57,Google Play
Dashen Bank,Dashen Bank,This app is vey impressive,5,2025-12-15 19:53:47,Google Play
Dashen Bank,Dashen Bank,very good,5,2025-12-14 20:52:50,Google Play
Dashen Bank,Dashen Bank,Great app! Why doesn’t it include digital loan features? Adding this option would be very helpful for customers.,2,2025-12-14 18:41:00,Google Play
Dashen Bank,Dashen Bank,great app,5,2025-12-13 15:43:23,Google Play
Dashen Bank,Dashen Bank,"Simple, updated and all enclosive so I prefer it🙏",5,2025-12-12 19:01:31,Google Play
Dashen Bank,Dashen Bank,Good,5,2025-12-12 16:42:05,Google Play
Dashen Bank,Dashen Bank,"great app,thanks dashen",5,2025-12-12 16:28:37,Google Play
Dashen Bank,Dashen Bank,good,5,2025-12-12 14:52:52,Google Play
Dashen Bank,Dashen Bank,its good app,5,2025-12-12 14:17:15,Google Play
Dashen Bank,Dashen Bank,"The UI/UX appears well-designed, but it has some critical issues that need attention, such as the inability to display full transaction histories and the presence of numerous mini-apps within a single card view, making it difficult to locate individual mini-apps easily.",4,2025-12-11 18:39:48,Google Play
Dashen Bank,Dashen Bank,best,5,2025-12-10 13:00:21,Google Play
Dashen Bank,Dashen Bank,well,5,2025-12-10 10:36:23,Google Play
Dashen Bank,Dashen Bank,it is so fantastic and user friendly app. Bravo Dashen bank thanks.,5,2025-12-09 12:06:40,Google Play
Dashen Bank,Dashen Bank,good,5,2025-12-08 11:24:34,Google Play
Dashen Bank,Dashen Bank,አፑ ቆንጆ ነው ለምንጅነው አሞሌ ላይ ያሉ እሱ ላይ የሌሉት?,3,2025-12-07 19:27:50,Google Play
Dashen Bank,Dashen Bank,ilike this app,5,2025-12-07 17:15:07,Google Play
Dashen Bank,Dashen Bank,it was perfect but sending money to telebirr isn't available,2,2025-12-06 10:11:13,Google Play
Dashen Bank,Dashen Bank,nice app,5,2025-12-05 22:19:56,Google Play
Dashen Bank,Dashen Bank,dashen super app easy to use,5,2025-12-05 12:47:53,Google Play
Dashen Bank,Dashen Bank,Dashen Bank always one step a head,5,2025-12-05 12:43:00,Google Play
Dashen Bank,Dashen Bank,Not good,1,2025-12-05 10:40:12,Google Play
Dashen Bank,Dashen Bank,why you always say update.,5,2025-12-04 21:05:02,Google Play
Dashen Bank,Dashen Bank,very good,5,2025-12-04 19:26:42,Google Play
Dashen Bank,Dashen Bank,it's very expressive and fast and easy to Use.,5,2025-12-04 18:00:29,Google Play
Dashen Bank,Dashen Bank,Dashn Bank is fast and easy,5,2025-12-04 16:19:06,Google Play
Dashen Bank,Dashen Bank,this bank is very nice to me,5,2025-12-04 15:07:33,Google Play
Dashen Bank,Dashen Bank,it's the best mobile banking app I ever seen,5,2025-12-04 07:46:55,Google Play
Dashen Bank,Dashen Bank,ምቹ እና ቀላል ምርጥ መተግበሪያ ነው ወድጄዋለሁ ።,5,2025-12-04 03:46:48,Google Play
Dashen Bank,Dashen Bank,than u,5,2025-12-03 15:34:42,Google Play
Dashen Bank,Dashen Bank,Interesting App.,5,2025-12-03 10:52:51,Google Play
Dashen Bank,Dashen Bank,it takes time to login. but after login its good but sometimes unexpected termination occur in which rises untrust to use usually the app. Because of this am forcely using other bank applications.,3,2025-12-03 10:48:07,Google Play
Dashen Bank,Dashen Bank,good jop,5,2025-12-03 10:42:01,Google Play
Dashen Bank,Dashen Bank,I always receive excellent service & follow up. they strive to complete customer needs. they always available. I am totally happy with Dashen services given. Thanks. Blessings.,5,2025-12-03 06:08:53,Google Play
Dashen Bank,Dashen Bank,ፍፁምውርቁያደቴ,5,2025-12-02 21:36:24,Google Play
Dashen Bank,Dashen Bank,ይህ መተግበሪያ በውስጡ የያዘው አገልግሎት ብጣም ጥሩ ነው ነገር ግን በሁሉም የሞባይል device ላይ ሲጫን እና transaction ስንሰራ በጣም ቀርፍፍ እና እዝጋሚ ነው በትንሽ Network መስራት እንዲችል አድርጋቹህ አበልፅጉት አስተካክሉት (customer),3,2025-12-02 20:29:26,Google Play
Dashen Bank,Dashen Bank,exelent,5,2025-12-02 19:19:08,Google Play
Dashen Bank,Dashen Bank,Nice,5,2025-12-02 17:09:19,Google Play
Dashen Bank,Dashen Bank,nice,1,2025-12-02 16:41:36,Google Play
Dashen Bank,Dashen Bank,BeREkT,1,2025-12-02 15:28:21,Google Play
Dashen Bank,Dashen Bank,good,5,2025-12-02 14:56:11,Google Play
Dashen Bank,Dashen Bank,"the is always under mentenance, or temporarily unavailable and they're adding features no one is looking for at the cost of not being able to use the app in the first place.",1,2025-12-02 12:47:03,Google Play
Dashen Bank,Dashen Bank,Dashen bank is my first choice it's best bank for me and super app is easy to use anything and it's bery fast.,5,2025-12-02 00:15:46,Google Play
Dashen Bank,Dashen Bank,"its Good App when we compare to others but when we enter our code,it takes too long to open the apps fix it please",4,2025-12-01 21:18:41,Google Play
Dashen Bank,Dashen Bank,easy to use and comfortable.,5,2025-12-01 20:26:20,Google Play
Dashen Bank,Dashen Bank,best app,4,2025-12-01 15:36:11,Google Play
Dashen Bank,Dashen Bank,Great,5,2025-12-01 13:59:21,Google Play
Dashen Bank,Dashen Bank,when u release update its always a problem,5,2025-12-01 12:58:31,Google Play
Dashen Bank,Dashen Bank,primary choice,5,2025-12-01 11:06:17,Google Play
Dashen Bank,Dashen Bank,its use friendly,4,2025-12-01 11:01:24,Google Play
Dashen Bank,Dashen Bank,"The apk need time to open the passward page immediately , and lagging.",1,2025-12-01 08:48:25,Google Play
Dashen Bank,Dashen Bank,"this app is not good it's, access are limited and u guys are working only on it's graphics we need it for banking activities not for game. make it more active and better its dormant. i don't like it cbe is better than.",1,2025-11-30 22:06:29,Google Play
Dashen Bank,Dashen Bank,great app,5,2025-11-30 19:27:00,Google Play
Dashen Bank,Dashen Bank,good app,5,2025-11-30 19:02:40,Google Play
Dashen Bank,Dashen Bank,very smart App easy to use and friendly,5,2025-11-29 16:22:04,Google Play
Dashen Bank,Dashen Bank,Very exemplery App to other Bank Aps !,5,2025-11-29 02:45:26,Google Play
Dashen Bank,Dashen Bank,good,5,2025-11-29 00:38:53,Google Play
Dashen Bank,Dashen Bank,It Is An Amazing app,4,2025-11-28 09:44:21,Google Play
Dashen Bank,Dashen Bank,"its fast and easy to communicate to the app and its available all area keep it up.i will make Happy for this application thank you dashen bank for your effort,commitment and dedication. i appricated your work.",5,2025-11-26 18:02:58,Google Play
Dashen Bank,Dashen Bank,What do you care about my phone's settings? Who are you to tell me what to turn off and on? It is my phone after all. This *develoler option* thing will cost you a lot of users who are willing to leave the bank once and for all. Turn this thing off. 6 you fear this is a security issue fix your side not mine.,1,2025-11-25 17:03:10,Google Play
Dashen Bank,Dashen Bank,Exceptional Product.,5,2025-11-23 11:49:24,Google Play
Dashen Bank,Dashen Bank,very easy app,3,2025-11-23 08:37:38,Google Play
Dashen Bank,Dashen Bank,"The Dashen Super App is very impressive. It is fast, easy to use, and provides smooth access to all essential banking services. Money transfer, bill payment, balance check, and other features work efficiently without issues. The design is clean and user-friendly. Great step forward in digital banking — keep up the good work, Dashen Bank!..",5,2025-11-19 20:51:58,Google Play
Dashen Bank,Dashen Bank,በጣም ፈጣን ሥቹ አስተማማኝ ወድጃዋለው,5,2025-11-18 22:05:15,Google Play
Dashen Bank,Dashen Bank,"it's a really slow app, I'm not sure what the issue is. Even other bank transfers are not working",2,2025-11-18 13:26:04,Google Play
Dashen Bank,Dashen Bank,"it say's disable developer option, i disabled it but its not working still",1,2025-11-17 11:23:29,Google Play
Dashen Bank,Dashen Bank,with the super app evry thing i need is just a tap away,5,2025-11-17 08:39:31,Google Play
Dashen Bank,Dashen Bank,nice,5,2025-11-16 20:59:15,Google Play
Dashen Bank,Dashen Bank,eyita tips,1,2025-11-15 15:38:49,Google Play
Dashen Bank,Dashen Bank,clear and presize,5,2025-11-15 14:47:13,Google Play
Dashen Bank,Dashen Bank,smooth and easy!!!,5,2025-11-14 13:42:09,Google Play
Dashen Bank,Dashen Bank,I have had an amazing experience with this app;ot os convenient and easy to use,5,2025-11-14 13:37:45,Google Play
Dashen Bank,Dashen Bank,"All in One Super App with smooth navigation, transaction and lifestyle services",5,2025-11-14 13:30:57,Google Play
Dashen Bank,Dashen Bank,Very nice App.,5,2025-11-14 13:19:23,Google Play
Dashen Bank,Dashen Bank,system failure transfer to others account,2,2025-11-13 23:12:49,Google Play
Dashen Bank,Dashen Bank,thank you,1,2025-11-13 16:54:07,Google Play
Dashen Bank,Dashen Bank,"Only the UI/UX is good, but it doesn't function properly. It's a shame that a leading tech bank has such an app. Amole is far better.",1,2025-11-13 15:33:36,Google Play
Dashen Bank,Dashen Bank,"excellent app. to use perfectlly to pay,transfer,tele airtime and so on.",5,2025-11-12 18:52:55,Google Play
Dashen Bank,Dashen Bank,wow dashen bank super app,5,2025-11-12 12:20:07,Google Play
Dashen Bank,Dashen Bank,"This so-called “Super App” is a complete disappointment. It’s confusing, slow, and full of glitches honestly, it feels like it was designed to test people’s patience, not to help them bank. Calling it “super” is a joke; it’s one of the most useless apps I’ve ever used.",1,2025-11-11 17:57:21,Google Play
Dashen Bank,Dashen Bank,very nice app I have ever seen,5,2025-11-10 23:06:02,Google Play
Dashen Bank,Dashen Bank,NASTY BANK . EVEN THE SUPPER APP IS NOT WORKING WELL. WHEN I AM CALLING THEM THEY ARE NOT RESPONSE . PLEASE DON'T USE THIS APP BECAUSE YOU WILL LOSS YOU TIME ;ENERGY AND EVERYTHING . HOPELESS Bank .,1,2025-11-10 19:19:34,Google Play
Dashen Bank,Dashen Bank,it's good but is not fast,5,2025-11-09 16:40:07,Google Play
Dashen Bank,Dashen Bank,your financial system must improved,4,2025-11-09 15:13:07,Google Play
Dashen Bank,Dashen Bank,your service is too good,5,2025-11-09 08:18:32,Google Play
Dashen Bank,Dashen Bank,good experience,5,2025-11-09 08:15:48,Google Play
Dashen Bank,Dashen Bank,"Amazing app, 👏",5,2025-11-07 21:44:28,Google Play
Dashen Bank,Dashen Bank,wooow,5,2025-11-07 17:39:57,Google Play
Dashen Bank,Dashen Bank,Nice app,5,2025-11-07 13:08:16,Google Play
Dashen Bank,Dashen Bank,best,5,2025-11-07 11:26:32,Google Play
Dashen Bank,Dashen Bank,"easy to use, friendly",5,2025-11-06 20:34:55,Google Play
Dashen Bank,Dashen Bank,"12yr more LC, UCP & ICC & loan",5,2025-11-06 15:47:23,Google Play
Dashen Bank,Dashen Bank,"not attractive and friendly app. Check Awash, CBE apps",1,2025-11-06 14:19:27,Google Play
Dashen Bank,Dashen Bank,amzing,5,2025-11-06 11:04:59,Google Play
Dashen Bank,Dashen Bank,"The Dashen Super App is very impressive. It is fast, easy to use, and provides smooth access to all essential banking services. Money transfer, bill payment, balance check, and other features work efficiently without issues. The design is clean and user-friendly. Great step forward in digital banking — keep up the good work, Dashen Bank!",5,2025-11-05 20:11:36,Google Play
Dashen Bank,Dashen Bank,betam kerfafa naw,1,2025-11-05 16:47:58,Google Play
Dashen Bank,Dashen Bank,exceptional,5,2025-11-05 16:34:30,Google Play
Dashen Bank,Dashen Bank,worst app ever,1,2025-11-05 15:34:32,Google Play
Dashen Bank,Dashen Bank,"Dashen, always two step ahead.",5,2025-11-05 15:33:19,Google Play
Dashen Bank,Dashen Bank,"Please try to fix the barrier between other banks specially with ""Commercial bank of Ethiopia""",3,2025-11-05 14:05:15,Google Play
Dashen Bank,Dashen Bank,i am using,5,2025-11-05 13:21:24,Google Play
Dashen Bank,Dashen Bank,It is a wonderful App developed by a local talent. It deserves an appreciation. It will continue to evolve with new exciting features.,5,2025-11-05 09:51:46,Google Play
Dashen Bank,Dashen Bank,wonderful app,5,2025-11-05 09:03:34,Google Play
Dashen Bank,Dashen Bank,"i love the app it features are perfect, but it asks to update too many times to activate your need to visit a nearest branch and that takes time. other than that the app is great I like it",5,2025-11-05 08:25:51,Google Play
Dashen Bank,Dashen Bank,go ahead,5,2025-11-05 07:49:30,Google Play
Dashen Bank,Dashen Bank,its supper,5,2025-11-04 19:47:11,Google Play
Dashen Bank,Dashen Bank,Good,5,2025-11-04 19:38:19,Google Play
Dashen Bank,Dashen Bank,it's so boring,1,2025-11-04 18:37:56,Google Play
Dashen Bank,Dashen Bank,Dashen Bank Super App is the latest version of online banking system that is the gift from Dashen bank for us Thanks to Dashen,5,2025-11-04 16:07:00,Google Play
Dashen Bank,Dashen Bank,"i rarely leave reviews, but this app truely deserves one.it's efficient ,secure , reliable and makes fanancial tasks effortless.definitely 5 stars for this exceptional app",5,2025-11-04 15:35:15,Google Play
Dashen Bank,Dashen Bank,it has improved very much lately its working more and getting better but yet it is not fully fixed some time at night it doesn't work..i think the problem is it was launched too early.,3,2025-11-04 14:32:40,Google Play
Dashen Bank,Dashen Bank,Amazing,5,2025-11-03 16:36:28,Google Play
Dashen Bank,Dashen Bank,wow dashen bank,5,2025-11-03 10:52:11,Google Play
Dashen Bank,Dashen Bank,ብዙ ነጉር ይቀረዋል ወደ አፑ ስገባ በጣም ይዘገያል ባጭሩ ቀርፋፋ ነው,4,2025-11-02 15:58:57,Google Play
Dashen Bank,Dashen Bank,"I just updated my app to the latest version and I couldn't even see my balance, send money or do anything. It says service is unavailable and it will be fixed soon.",5,2025-11-01 12:55:50,Google Play
Dashen Bank,Dashen Bank,it's too slow,1,2025-11-01 12:50:25,Google Play
Dashen Bank,Dashen Bank,"Before the recent update, this app was great. Now, the home page is cluttered with promotions and banners, which really hurts the experience. I think the app stopped being banking app and started only to promote b/c 95% of the app is only ads, also full of bugs",1,2025-11-01 11:56:49,Google Play
Dashen Bank,Dashen Bank,"This might be the worst banking app I've ever used I dont know why kind of bug it is but suddenly the apps stops working it says ""Temporarily unavailable"" for a simple feature like viewing account balance and in person visit was no help it took them longer than 2 hours to fix it and even after that 2 weeks later the same problem just because of this I'm going to stop using the bank altogether which is a shame because it's a decent bank",1,2025-11-01 09:46:53,Google Play
Dashen Bank,Dashen Bank,Nice app,5,2025-11-01 07:19:03,Google Play
Dashen Bank,Dashen Bank,app is too slow not opening fast,1,2025-10-31 00:20:28,Google Play
Dashen Bank,Dashen Bank,good,5,2025-10-30 21:18:36,Google Play
Dashen Bank,Dashen Bank,"it's seems to have some improvements, I don't know what's going on with this app sometimes get collapseed. This is not expected from Dashen bank, which is amongst from famous and greatest banks.",1,2025-10-30 17:55:02,Google Play
Dashen Bank,Dashen Bank,very nise good,5,2025-10-30 16:17:37,Google Play
Dashen Bank,Dashen Bank,very interesting,5,2025-10-30 11:57:02,Google Play
Dashen Bank,Dashen Bank,what your emplyees tell as about the app when they came to our store and what actually the app is different,1,2025-10-30 10:40:08,Google Play
Dashen Bank,Dashen Bank,Excellent promotion,5,2025-10-30 07:18:27,Google Play
Dashen Bank,Dashen Bank,viry good,5,2025-10-29 18:37:54,Google Play
Dashen Bank,Dashen Bank,"Dashen Bank Super App is incredibly convenient! Easy to use, fast, and reliable – a great app to manage everything in one place.",5,2025-10-29 13:12:01,Google Play
Dashen Bank,Dashen Bank,it is the worst app ever istg 🤮🤮🤮,1,2025-10-29 04:06:49,Google Play
Dashen Bank,Dashen Bank,"Dashen Super App is a game-changer with its sleek, user-friendly interface. Lightning-fast responses and seamless navigation make every task a breeze. Love the organized layout and clear features that save time daily. Fantastic work—highly recommended for effortless banking!",5,2025-10-28 17:18:01,Google Play
Dashen Bank,Dashen Bank,"The design is clean and modern, and everything works smoothly without bugs. I love how reliable the app is it makes banking so convenient.",5,2025-10-28 16:46:47,Google Play
Dashen Bank,Dashen Bank,"A true banking super app! The Dashen Super App combines great design, security, and an impressive range of features. Highly recommended for anyone looking for a complete digital banking experience.",5,2025-10-28 16:44:46,Google Play
Dashen Bank,Dashen Bank,"​I appreciate that this app allowed me to access multiple services in one centralized place. Thank you, Dashen Bank!",5,2025-10-28 16:11:32,Google Play
Dashen Bank,Dashen Bank,"This app makes my day-to-day payments so easy. Everything works perfectly, and it saves me a lot of time.",5,2025-10-28 16:10:13,Google Play
Dashen Bank,Dashen Bank,It’s impressive how consistently the app is improving. I’ve been using it for months and they have improved a lot in terms of not only beauty but also performance wise.,5,2025-10-28 15:50:27,Google Play
Dashen Bank,Dashen Bank,This app has replaced several others for me. It has everything I need in one place.,5,2025-10-28 15:45:08,Google Play
Dashen Bank,Dashen Bank,"The app has evolved impressively over time. The latest release adds dark and light modes that enhance usability and design. It’s intuitive, modern, and clearly built with the user in mind — setting a new benchmark for digital banking.",5,2025-10-28 15:40:52,Google Play
Dashen Bank,Dashen Bank,"Dashen superapp just keeps improving. The new theme options are beautiful, and the overall experience is faster and smoother than ever",5,2025-10-28 15:38:42,Google Play
Dashen Bank,Dashen Bank,I have been using this app for months and its easy to use and is user friendly thanks Dashen bank.,5,2025-10-28 15:36:56,Google Play
Dashen Bank,Dashen Bank,"Finally, banking made simple! Everything I need is in one super app. A true game changer for managing my finances on the go.",5,2025-10-28 15:34:16,Google Play
Dashen Bank,Dashen Bank,"I’ve been using the the App, and it’s been working really well for my daily transactions. Good work 👌",5,2025-10-28 15:28:36,Google Play
Dashen Bank,Dashen Bank,"I appreciate how secure this app feels. Every transaction comes with confirmation, and I always get alerts immediately.",5,2025-10-28 15:23:09,Google Play
Dashen Bank,Dashen Bank,I love the new dark theme it gives the app modern feel n make it more comfortable to use,5,2025-10-28 15:21:30,Google Play
Dashen Bank,Dashen Bank,"This is amazing app, as it name ,truly supper.",5,2025-10-28 15:20:21,Google Play
Dashen Bank,Dashen Bank,This is one of the most user friendly and impressive apps I have encountered in the banking sector,5,2025-10-28 15:19:14,Google Play
Dashen Bank,Dashen Bank,"Amazing UI and UX, the dark mode looks absolutely awesome!",5,2025-10-28 15:16:03,Google Play
Dashen Bank,Dashen Bank,The updated design looks amazing. I really appreciate being able to switch between dark and light mode it’s a small change that makes a big difference!,5,2025-10-28 15:11:58,Google Play
Dashen Bank,Dashen Bank,Astonishing interface with ease of access and complete performance,5,2025-10-28 15:10:53,Google Play
Dashen Bank,Dashen Bank,"I rarely leave reviews, but this app truly deserves one. It’s efficient, secure, and makes financial tasks effortless. Definitely a 5-star experience",5,2025-10-28 15:04:15,Google Play
Dashen Bank,Dashen Bank,stunning UI with reliable service!,5,2025-10-28 11:23:42,Google Play
Dashen Bank,Dashen Bank,"Super Up is the ultimate digital banking app, living up to its name with speed, efficiency, and innovation. Designed for a seamless experience, it offers lightning-fast transactions, top-tier security, and effortless financial management. With Super Up, banking has never been this smooth, smart, and super!",5,2025-10-27 12:40:59,Google Play
Dashen Bank,Dashen Bank,"The UI is impressive, but adding an ATM withdrawal feature for cardless cash access would enhance functionality. This may require updates to the ATM system as well. Please consider this, dev team.",4,2025-10-22 15:47:51,Google Play
Dashen Bank,Dashen Bank,convinent,5,2025-10-22 09:57:05,Google Play
Dashen Bank,Dashen Bank,Good,4,2025-10-21 14:56:28,Google Play
Dashen Bank,Dashen Bank,it is Excellent April jest continue more abeaten.....,4,2025-10-19 17:06:42,Google Play
Dashen Bank,Dashen Bank,I like it,5,2025-10-18 14:10:01,Google Play
Dashen Bank,Dashen Bank,abdrug bentahuuuu,3,2025-10-17 07:24:22,Google Play
Dashen Bank,Dashen Bank,"Dashen SuperApp is the worst app for me because it consistently fails during transfers. When I try to send money, the transaction freezes for extended periods—sometimes a full day, and often two or three days or more. Crucially, the funds are neither delivered to the recipient nor immediately refunded to my account, which is incredibly frustrating and makes me feel like I've lost my money. The app urgently needs a technical update to ensure transactions process smoothly and reliably.",1,2025-10-14 16:08:03,Google Play
Dashen Bank,Dashen Bank,Best application,5,2025-10-14 15:38:49,Google Play
Dashen Bank,Dashen Bank,easy,5,2025-10-14 10:51:03,Google Play
Dashen Bank,Dashen Bank,lmo,5,2025-10-13 12:59:14,Google Play
Dashen Bank,Dashen Bank,meseret birara,5,2025-10-12 15:21:26,Google Play
Dashen Bank,Dashen Bank,it doesn't let me open my account,1,2025-10-12 11:28:43,Google Play
Dashen Bank,Dashen Bank,very good,1,2025-10-11 17:07:12,Google Play
Dashen Bank,Dashen Bank,it is the best,5,2025-10-11 09:45:43,Google Play
Dashen Bank,Dashen Bank,nice and best,5,2025-10-10 19:00:07,Google Play
Dashen Bank,Dashen Bank,good,5,2025-10-10 09:15:38,Google Play
Dashen Bank,Dashen Bank,Finish the app development fully before you give the final result. It's is very inconvenient and not that reliable at the moment.,1,2025-10-08 15:01:12,Google Play
Dashen Bank,Dashen Bank,hayelu Beranu Bashre,5,2025-10-07 16:18:04,Google Play
Dashen Bank,Dashen Bank,👎👎👎👎👎👎👎👎 connection not fast,5,2025-10-07 16:01:33,Google Play
Dashen Bank,Dashen Bank,good,5,2025-10-06 16:21:27,Google Play
Dashen Bank,Dashen Bank,"@Shewangizaw L. As a heavy user of the app , the issue you raised around resetting pass pin concerned me and gave it a try and found it to be safe. Basically the app will do two things: verifies one using an otp and then requires an in-person visit to bank's physical branch for final verification after resetting the password. Therefore, safe to use! I wish ""i""nformational tip was added around the reset button. Could not attach screenshot.",4,2025-10-06 15:43:32,Google Play
Dashen Bank,Dashen Bank,perfect,5,2025-10-06 08:56:56,Google Play
Dashen Bank,Dashen Bank,for dashen bankk it is best app so why your bank onlyu one one app for mobile banking that means superr app,5,2025-10-05 15:59:15,Google Play
Dashen Bank,Dashen Bank,wow,5,2025-10-04 21:47:35,Google Play
Dashen Bank,Dashen Bank,tadesa melka tulluu,1,2025-10-04 19:25:06,Google Play
Dashen Bank,Dashen Bank,I can't open virtual account.I have been trying it for about 3 days still no resolve.,2,2025-10-04 17:47:57,Google Play
Dashen Bank,Dashen Bank,App is passive when compare to Amole it takes 3-5 seconds to open and i cannot refresh transactions what i did.,1,2025-10-03 19:22:10,Google Play
Dashen Bank,Dashen Bank,withdraw,1,2025-10-02 16:39:58,Google Play
Dashen Bank,Dashen Bank,It takes gazillion years to open 😶,3,2025-10-02 10:54:44,Google Play
Dashen Bank,Dashen Bank,this app is outstanding,5,2025-10-01 19:02:30,Google Play
Dashen Bank,Dashen Bank,totally bad,1,2025-10-01 16:23:57,Google Play
Dashen Bank,Dashen Bank,I really appreciate but we can't use it if don't have balance or data access,2,2025-10-01 11:07:29,Google Play
Dashen Bank,Dashen Bank,nice app,5,2025-09-30 21:06:32,Google Play
Dashen Bank,Dashen Bank,ሙነጃት አብድላ ሸረፍ,2,2025-09-30 10:32:47,Google Play
Dashen Bank,Dashen Bank,it fast service,5,2025-09-29 13:46:44,Google Play
Dashen Bank,Dashen Bank,"Good improvements after the Sep 25, 2025 update.",4,2025-09-29 10:17:49,Google Play
Dashen Bank,Dashen Bank,I have one issue though what if the mobile phone with the sim is stolen and have no pattern or pin. The app allows to reset the pin directly without 2FA like finger print just by sending sms. which is a big gap. It should be addressed I didn't expect but it does and no trust at all.,1,2025-09-28 19:50:25,Google Play
Dashen Bank,Dashen Bank,I love it 👍,5,2025-09-28 16:53:54,Google Play
Dashen Bank,Dashen Bank,Best,5,2025-09-28 15:50:55,Google Play
Dashen Bank,Dashen Bank,nice,5,2025-09-28 11:05:15,Google Play
Dashen Bank,Dashen Bank,gooe,5,2025-09-28 07:03:09,Google Play
Dashen Bank,Dashen Bank,nice app,5,2025-09-27 23:39:40,Google Play
Dashen Bank,Dashen Bank,Dashen super app is the best all ethiopian banks keep it,5,2025-09-27 20:16:36,Google Play
Dashen Bank,Dashen Bank,cool app,5,2025-09-27 16:49:50,Google Play
Dashen Bank,Dashen Bank,nice,5,2025-09-27 15:24:40,Google Play
Dashen Bank,Dashen Bank,App That makes cashless society in our century and Easy to use.,5,2025-09-27 15:05:30,Google Play
Dashen Bank,Dashen Bank,tadass,1,2025-09-27 14:52:55,Google Play
Dashen Bank,Dashen Bank,ሙሃጂራ,1,2025-09-27 13:27:18,Google Play
Dashen Bank,Dashen Bank,It is an amazing app and all in one,5,2025-09-27 13:15:35,Google Play
Dashen Bank,Dashen Bank,i dont like it,1,2025-09-27 11:49:14,Google Play
Dashen Bank,Dashen Bank,Dashen is the Future,5,2025-09-27 10:42:59,Google Play
Dashen Bank,Dashen Bank,the best version in 🇪🇹,5,2025-09-27 09:45:41,Google Play
Dashen Bank,Dashen Bank,excellent,5,2025-09-26 20:57:53,Google Play
Dashen Bank,Dashen Bank,"its amazing app, visually stunning",5,2025-09-26 20:44:46,Google Play
Dashen Bank,Dashen Bank,"Updates every time 🥲, when it's updated, it doesn't work at all. 😭",1,2025-09-26 19:53:04,Google Play
Dashen Bank,Dashen Bank,the best app from other dashen is unique its fast app ever i had in my life,5,2025-09-26 19:52:01,Google Play
Dashen Bank,Dashen Bank,I love the new user interface,5,2025-09-26 19:45:45,Google Play
Dashen Bank,Dashen Bank,"Appreciated, Always one step ahead!",5,2025-09-26 16:20:45,Google Play
Dashen Bank,Dashen Bank,The app stops working whenever there is an update unless you update the app. But it is better if it kept working on and updating should be optional.,3,2025-09-26 16:11:16,Google Play
Dashen Bank,Dashen Bank,"This is the first time i have experienced this much cool app out of all the other mobile banking platforms, im genuinely happy to see this kind of app here, tnx",5,2025-09-26 15:14:21,Google Play
Dashen Bank,Dashen Bank,it can't do without data or wifi,1,2025-09-26 15:03:57,Google Play
Dashen Bank,Dashen Bank,"The best UI banking app from all those I used, other Ethiopian banks I used have a really old UI. This is very neat and easy to use. Also so reliable.",5,2025-09-26 14:30:17,Google Play
Dashen Bank,Dashen Bank,So nice !,5,2025-09-26 14:28:33,Google Play
Dashen Bank,Dashen Bank,What's the problem with this app's that asking for updates on a daily basis?,1,2025-09-25 17:13:14,Google Play
Dashen Bank,Dashen Bank,good,3,2025-09-25 13:32:16,Google Play
Dashen Bank,Dashen Bank,"Wow, I really loved the new UI/UX! Great job, Dashen Bank! You guys are the best mobile banking in Ethiopia.",5,2025-09-25 09:18:21,Google Play
Dashen Bank,Dashen Bank,excellent UI improvement 💯💯,5,2025-09-24 16:40:43,Google Play
Dashen Bank,Dashen Bank,one of the best app in Ethiopia .,5,2025-09-24 12:13:33,Google Play
Dashen Bank,Dashen Bank,great app,5,2025-09-23 20:28:37,Google Play
Dashen Bank,Dashen Bank,good,5,2025-09-22 10:26:22,Google Play
Dashen Bank,Dashen Bank,Good,4,2025-09-19 15:59:39,Google Play
Dashen Bank,Dashen Bank,The worst app. It needs updating everyday. Ouch 🤕,1,2025-09-19 13:10:53,Google Play
Dashen Bank,Dashen Bank,safe and secure,3,2025-09-18 09:52:51,Google Play
Dashen Bank,Dashen Bank,በጣም ምቹ ነው,4,2025-09-15 00:35:46,Google Play
Dashen Bank,Dashen Bank,"is not working right now with snmsung galaxy f15, please help me",1,2025-09-14 11:16:38,Google Play
Dashen Bank,Dashen Bank,good,5,2025-09-13 21:22:36,Google Play
Dashen Bank,Dashen Bank,Your staffs are really hardworking but the app is not like your employees,3,2025-09-12 10:11:59,Google Play
Dashen Bank,Dashen Bank,ዳሺባክ,5,2025-09-11 19:33:56,Google Play
Dashen Bank,Dashen Bank,total,5,2025-09-11 15:40:43,Google Play
Dashen Bank,Dashen Bank,good,5,2025-09-10 16:09:59,Google Play
Dashen Bank,Dashen Bank,zero sezzs55sየየወደሠራዊቱ ደየእያቻቻሉ ሐየየመንደ ደም የሰው የየመን የሰው ።ደም ሐማሚጀየየ,5,2025-09-09 16:07:49,Google Play
Dashen Bank,Dashen Bank,not werke,2,2025-09-08 19:07:24,Google Play
Dashen Bank,Dashen Bank,what happened to dashen bank? this is by far the worst banking app. extremely slow when it works and is out of service all the time,1,2025-09-08 12:55:17,Google Play
Dashen Bank,Dashen Bank,simple and easy to use,5,2025-09-08 12:49:21,Google Play
Dashen Bank,Dashen Bank,meke,4,2025-09-07 21:13:58,Google Play
Dashen Bank,Dashen Bank,"not a great app compared to the others ,It freezes randomly ,Takes a lot to load ,and a lot of errors while sending money ,I stopped using it",1,2025-09-07 15:42:37,Google Play
Dashen Bank,Dashen Bank,bad specialy at weekends,1,2025-09-07 08:58:16,Google Play
Dashen Bank,Dashen Bank,"I am very disappointed with the Dashin Bank Super App. The app does not allow me to withdraw 50 birr or can't transfer money and even I can't use it to buy airtime. This makes me feel like my 50 birr is no longer my money, but the bank’s money, since I cannot access or use it freely. According to the National Bank of Ethiopia (NBE), the rule is that 100 birr is not withdrawable, but it can be used to buy airtime or transferred to friends. Dashin Bank’s restriction goes beyond this rule and unfa",1,2025-09-06 21:39:00,Google Play
Dashen Bank,Dashen Bank,It is good apps but it needs strong network,5,2025-09-06 21:20:38,Google Play
Dashen Bank,Dashen Bank,very slow,3,2025-09-06 19:23:04,Google Play
Dashen Bank,Dashen Bank,The app doesn't allow to switch between accounts. Why is it not possible to use two accounts on the same app even if the accounts have been opened at different branch?,2,2025-09-06 13:26:33,Google Play
Dashen Bank,Dashen Bank,lacag inaad amaahisan somalida maxaad ku diiden,5,2025-09-05 19:21:39,Google Play
Dashen Bank,Dashen Bank,Dashin mobile banking is become worest app like others Ethiopian bank apps. Amole was the best app ever I used. It was so flexible & reliable to use. and the best app user can login with new device without go to bank physically.,1,2025-09-05 05:44:53,Google Play
Dashen Bank,Dashen Bank,"The app has potential, but the QR payment feature is disappointing. The scanner doesn’t work, and even though there’s an option to select a QR code from the gallery, it doesn’t function either. This makes paying with QR codes almost impossible. Fixing this would really improve the app.",3,2025-09-04 13:17:54,Google Play
Dashen Bank,Dashen Bank,"very slow and failed transaction multiple times, previous app was much better!!",2,2025-09-04 11:19:13,Google Play
Dashen Bank,Dashen Bank,great 👍,5,2025-09-02 09:11:07,Google Play
Dashen Bank,Dashen Bank,"""super Idiot app"" 1.it forced me to off many of my phone settings like developers option. 2.Never works fastly. 3.It needs multiple click. 4. Doesn't notify if received money & many many more *** The worst mobile app ever expanded***",1,2025-09-01 17:18:19,Google Play
Dashen Bank,Dashen Bank,good,2,2025-09-01 12:21:27,Google Play
Dashen Bank,Dashen Bank,dashin bank,5,2025-08-30 17:57:00,Google Play
Dashen Bank,Dashen Bank,muhaammad bakko,5,2025-08-30 17:44:40,Google Play
Dashen Bank,Dashen Bank,goog,5,2025-08-29 10:43:18,Google Play
Dashen Bank,Dashen Bank,un functional app,1,2025-08-29 09:35:13,Google Play
Dashen Bank,Dashen Bank,trnes far,5,2025-08-27 21:01:32,Google Play
Dashen Bank,Dashen Bank,excellent,5,2025-08-26 09:00:38,Google Play
Dashen Bank,Dashen Bank,shimalis,4,2025-08-25 10:05:53,Google Play
Dashen Bank,Dashen Bank,አሪፍ ነው ግን ደረሰኙ የተቀባይ አካውንት እና ስም አያሳይም ።,3,2025-08-24 19:40:33,Google Play
Dashen Bank,Dashen Bank,excellent mobile banking digital,5,2025-08-24 17:13:51,Google Play
Dashen Bank,Dashen Bank,"Excellent, and it's truly a super app!",5,2025-08-24 16:44:45,Google Play
Dashen Bank,Dashen Bank,nice app,4,2025-08-23 15:51:09,Google Play
Dashen Bank,Dashen Bank,very nice app,5,2025-08-23 14:25:39,Google Play
Dashen Bank,Dashen Bank,can't access as will if it's super and can't even access the service when you need it's a big failure,1,2025-08-22 23:04:15,Google Play
Dashen Bank,Dashen Bank,seche,1,2025-08-22 15:01:18,Google Play
Dashen Bank,Dashen Bank,very fast bank,5,2025-08-22 14:10:13,Google Play
Dashen Bank,Dashen Bank,good and well,5,2025-08-22 11:34:35,Google Play
Dashen Bank,Dashen Bank,what a bank it is,5,2025-08-22 06:18:13,Google Play
Dashen Bank,Dashen Bank,Dashen Super App contains extended selections for customers and can be easily accessible and also friendly to use.,2,2025-08-21 10:16:41,Google Play
Dashen Bank,Dashen Bank,great app,5,2025-08-20 19:27:46,Google Play
Dashen Bank,Dashen Bank,nic,5,2025-08-20 18:02:43,Google Play
Dashen Bank,Dashen Bank,easy to use and the best one,5,2025-08-17 07:23:10,Google Play
Dashen Bank,Dashen Bank,it is totally work of failure. I personally prefer dashen amole instead of this super dull app.,1,2025-08-16 19:26:30,Google Play
Dashen Bank,Dashen Bank,very good app,5,2025-08-16 10:31:18,Google Play
Dashen Bank,Dashen Bank,The worst banking app in Ethiopia. It forces you to change your PIN every three months.,1,2025-08-16 10:29:15,Google Play
Dashen Bank,Dashen Bank,አሪፍ,5,2025-08-15 13:46:31,Google Play
Dashen Bank,Dashen Bank,best but USSD is necessary,5,2025-08-15 13:38:28,Google Play
Dashen Bank,Dashen Bank,"one step forward, Ethiopian bank and e commerce industry",5,2025-08-15 11:45:06,Google Play
Dashen Bank,Dashen Bank,still it's essay for user,4,2025-08-15 11:04:31,Google Play
Dashen Bank,Dashen Bank,"Great app, unfortunately I struggle to use it from outside Ethiopia. It tells me ""VPN enabled please disable VPN to continue using the app"". And that's happening without any VPN enabled. I think I will need to switch back to CBE because I need access to my bank account globally.",1,2025-08-15 09:09:12,Google Play
Dashen Bank,Dashen Bank,"It was easy enough before. but now it won't even open , why? pls help if possible. The email address you provided under the App support also can't be found by Gmail. pls respond.",3,2025-08-14 20:00:15,Google Play
Dashen Bank,Dashen Bank,good,5,2025-08-14 16:14:19,Google Play
Dashen Bank,Dashen Bank,"There are plenty of features missed e. g electricity bill, water bill payments",2,2025-08-14 15:16:24,Google Play
Dashen Bank,Dashen Bank,የሶፍትዌሩ ለአጠቃቀም ምቹና ቀላል መሆኑ ተመራጭ ያደርገዋል,5,2025-08-14 13:56:25,Google Play
Dashen Bank,Dashen Bank,በጣም ችግር አለበት,1,2025-08-14 12:45:15,Google Play
Dashen Bank,Dashen Bank,best,5,2025-08-14 11:27:00,Google Play
Dashen Bank,Dashen Bank,great 👍 app,5,2025-08-13 20:49:54,Google Play
Dashen Bank,Dashen Bank,"its a very low quality and slow application, very unreliable in times of need",1,2025-08-13 14:53:27,Google Play
Dashen Bank,Dashen Bank,very poor and time taking to use,1,2025-08-13 11:05:26,Google Play
Dashen Bank,Dashen Bank,it is the best app ever i have seen Dashen bank always one step a head!!!!,5,2025-08-13 11:01:50,Google Play
BOA Mobile Banking,BoA Mobile,it's very good app,5,2026-05-12 11:50:32,Google Play
BOA Mobile Banking,BoA Mobile,this app is good but the speed of app is very slow,2,2026-05-11 18:18:54,Google Play
BOA Mobile Banking,BoA Mobile,good,5,2026-05-09 14:41:50,Google Play
BOA Mobile Banking,BoA Mobile,boa the best,5,2026-05-08 13:47:07,Google Play
BOA Mobile Banking,BoA Mobile,bank of absiniya is best bank in ethiopian,5,2026-05-07 10:33:06,Google Play
BOA Mobile Banking,BoA Mobile,አስተማማኝና ዘመኑን የዋጀ,4,2026-05-05 11:03:08,Google Play
BOA Mobile Banking,BoA Mobile,good,5,2026-05-04 14:01:17,Google Play
BOA Mobile Banking,BoA Mobile,extremely slow app and unreliable for most payment i have stuggled to much with this,2,2026-05-03 13:40:13,Google Play
BOA Mobile Banking,BoA Mobile,Amazing app,5,2026-05-02 15:48:30,Google Play
BOA Mobile Banking,BoA Mobile,"I tried to oppen mobile app of BOA, but it can't work on my phone after activation. I can't login to it. the staffs tried their best and asked me the android version which is 16 and clear the catches, reinstall the app but the same restult × close the app. disappointing",1,2026-05-01 09:20:45,Google Play
BOA Mobile Banking,BoA Mobile,nice app 👍👍👍,5,2026-04-29 18:17:22,Google Play
BOA Mobile Banking,BoA Mobile,easy to understand,4,2026-04-28 15:22:31,Google Play
BOA Mobile Banking,BoA Mobile,best,5,2026-04-27 09:40:57,Google Play
BOA Mobile Banking,BoA Mobile,a wonderful Bank success app in Ethiopia 🇪🇹,5,2026-04-25 14:47:59,Google Play
BOA Mobile Banking,BoA Mobile,nice,5,2026-04-24 18:02:02,Google Play
BOA Mobile Banking,BoA Mobile,there's an error in app i don't ever know what's the case,1,2026-04-24 16:25:47,Google Play
BOA Mobile Banking,BoA Mobile,BoA always❤,5,2026-04-24 12:11:08,Google Play
BOA Mobile Banking,BoA Mobile,the worst app,1,2026-04-24 09:53:57,Google Play
BOA Mobile Banking,BoA Mobile,what an amazing service,5,2026-04-23 15:06:45,Google Play
BOA Mobile Banking,BoA Mobile,abezash,5,2026-04-23 14:08:29,Google Play
BOA Mobile Banking,BoA Mobile,😁😁ል,4,2026-04-23 09:47:19,Google Play
BOA Mobile Banking,BoA Mobile,Not working,4,2026-04-22 14:23:02,Google Play
BOA Mobile Banking,BoA Mobile,best,5,2026-04-22 02:32:39,Google Play
BOA Mobile Banking,BoA Mobile,nice,5,2026-04-21 16:02:50,Google Play
BOA Mobile Banking,BoA Mobile,everything new that other banks started abyssinia started it but this one year have been a disaster the mobile banking crashes everytime please do what you do best,1,2026-04-20 13:53:23,Google Play
BOA Mobile Banking,BoA Mobile,"the best applcation,, how can winning byd car 😭🤣🤣",5,2026-04-20 08:00:57,Google Play
BOA Mobile Banking,BoA Mobile,good,5,2026-04-19 21:13:24,Google Play
BOA Mobile Banking,BoA Mobile,"the app does not show my account balance correctly compared to what I get with the SMS notification. Again and again I am not able to make transfers because the app has issues. The app has over years now frequently problems, doesn't load, or is sometimes not working entirely and I can not open it. Even to the point that I question the rating of this app if it's true or distorted. I am not sure how it can be 4 stars something, when in real life the app just doesn't work a lot of the time.",1,2026-04-19 13:43:52,Google Play
BOA Mobile Banking,BoA Mobile,excellent service,5,2026-04-18 18:38:37,Google Play
BOA Mobile Banking,BoA Mobile,it very slow to access the app when urgent,1,2026-04-17 15:21:36,Google Play
BOA Mobile Banking,BoA Mobile,very Good app,4,2026-04-16 13:13:02,Google Play
BOA Mobile Banking,BoA Mobile,best i ethiopia,5,2026-04-16 00:34:57,Google Play
BOA Mobile Banking,BoA Mobile,when i try to see my balance the app logs me out.i try to uninstall the app and install it when i try to login again it says login expired.the worest mobile banking in ethiopia. fix it,1,2026-04-15 22:27:26,Google Play
BOA Mobile Banking,BoA Mobile,good,5,2026-04-15 19:34:48,Google Play
BOA Mobile Banking,BoA Mobile,like,5,2026-04-14 13:29:54,Google Play
BOA Mobile Banking,BoA Mobile,Why transfer to telebirr agent doesn't work?,3,2026-04-14 11:43:34,Google Play
BOA Mobile Banking,BoA Mobile,best 👌 app in entire industry,5,2026-04-14 11:31:05,Google Play
BOA Mobile Banking,BoA Mobile,besst app,5,2026-04-14 10:22:22,Google Play
BOA Mobile Banking,BoA Mobile,good 👍,5,2026-04-13 16:59:18,Google Play
BOA Mobile Banking,BoA Mobile,ksanet hayle,5,2026-04-11 15:27:27,Google Play
BOA Mobile Banking,BoA Mobile,this app is not use my pbone android 16 and not fix boa nearest branch how to use this app,1,2026-04-11 13:14:32,Google Play
BOA Mobile Banking,BoA Mobile,"disappointing experience .couldn't even do transactions ,so slow .you should check and update it please",1,2026-04-09 15:06:03,Google Play
BOA Mobile Banking,BoA Mobile,poor functional and also very interactive customer service at branch,1,2026-04-09 11:51:02,Google Play
BOA Mobile Banking,BoA Mobile,low networks,4,2026-04-08 08:58:34,Google Play
BOA Mobile Banking,BoA Mobile,Fast& Modern,5,2026-04-08 03:29:24,Google Play
BOA Mobile Banking,BoA Mobile,very nice service appreciated 👍,5,2026-04-07 09:00:42,Google Play
BOA Mobile Banking,BoA Mobile,it's not working always says error occured,1,2026-04-06 11:39:36,Google Play
BOA Mobile Banking,BoA Mobile,good,5,2026-04-06 10:55:00,Google Play
BOA Mobile Banking,BoA Mobile,fast and reliable app,5,2026-04-02 19:29:36,Google Play
BOA Mobile Banking,BoA Mobile,good,1,2026-04-02 14:07:10,Google Play
BOA Mobile Banking,BoA Mobile,እረተውኝ,5,2026-04-01 16:08:30,Google Play
BOA Mobile Banking,BoA Mobile,good,1,2026-04-01 15:15:02,Google Play
BOA Mobile Banking,BoA Mobile,its good,5,2026-04-01 13:23:58,Google Play
BOA Mobile Banking,BoA Mobile,updte,3,2026-04-01 08:45:59,Google Play
BOA Mobile Banking,BoA Mobile,nice,5,2026-03-31 14:07:14,Google Play
BOA Mobile Banking,BoA Mobile,"Personal opinion: If Abyssinia Mobile Banking allows you to use data from the SIM card where banking is activated, for example, if the connection to the WiFi router stops, if it is possible to use the SIM card where it was activated, and if the password can finally be re-entered 🙏",5,2026-03-31 12:54:21,Google Play
BOA Mobile Banking,BoA Mobile,stupid app! when i try to send money it says error occured,1,2026-03-31 10:49:46,Google Play
BOA Mobile Banking,BoA Mobile,i loveit,5,2026-03-31 10:44:00,Google Play
BOA Mobile Banking,BoA Mobile,Boa yleyal,5,2026-03-31 05:30:53,Google Play
BOA Mobile Banking,BoA Mobile,lovely,2,2026-03-30 16:32:45,Google Play
BOA Mobile Banking,BoA Mobile,other bank is very slow,5,2026-03-30 11:45:41,Google Play
BOA Mobile Banking,BoA Mobile,good,5,2026-03-29 18:15:19,Google Play
BOA Mobile Banking,BoA Mobile,When transaction done form BOA to Other Bank accounts the receipt does not include the name of receipant(the who receive the money),4,2026-03-29 17:22:33,Google Play
BOA Mobile Banking,BoA Mobile,Niyse,5,2026-03-29 15:18:37,Google Play
BOA Mobile Banking,BoA Mobile,good,3,2026-03-29 10:54:30,Google Play
BOA Mobile Banking,BoA Mobile,my choice BOA,5,2026-03-28 19:21:32,Google Play
BOA Mobile Banking,BoA Mobile,በጣም ጥሩ ነው,5,2026-03-28 16:16:38,Google Play
BOA Mobile Banking,BoA Mobile,smart app,5,2026-03-28 16:12:54,Google Play
BOA Mobile Banking,BoA Mobile,emails connect to pone numbers link all the city banks by location naw,5,2026-03-28 14:00:36,Google Play
BOA Mobile Banking,BoA Mobile,good,5,2026-03-28 13:03:39,Google Play
BOA Mobile Banking,BoA Mobile,good,1,2026-03-28 12:30:46,Google Play
BOA Mobile Banking,BoA Mobile,My favorite app,5,2026-03-28 11:55:13,Google Play
BOA Mobile Banking,BoA Mobile,very good,5,2026-03-28 11:21:33,Google Play
BOA Mobile Banking,BoA Mobile,smart app smart bank,5,2026-03-27 15:38:41,Google Play
BOA Mobile Banking,BoA Mobile,You can't rely on Abyssinia. They are the worst,1,2026-03-26 11:16:54,Google Play
BOA Mobile Banking,BoA Mobile,its the the bank of bank,5,2026-03-25 10:33:59,Google Play
BOA Mobile Banking,BoA Mobile,good app,5,2026-03-24 21:25:44,Google Play
BOA Mobile Banking,BoA Mobile,beti araya,5,2026-03-24 17:17:35,Google Play
BOA Mobile Banking,BoA Mobile,ok app,5,2026-03-24 14:48:11,Google Play
BOA Mobile Banking,BoA Mobile,something is wrong,2,2026-03-24 10:45:40,Google Play
BOA Mobile Banking,BoA Mobile,abanamu boriifuu hindhabamu horiinu ajiraanu woliinuu,5,2026-03-24 06:43:54,Google Play
BOA Mobile Banking,BoA Mobile,good up except some sluggishness,5,2026-03-23 20:49:38,Google Play
BOA Mobile Banking,BoA Mobile,good app,5,2026-03-23 17:41:59,Google Play
BOA Mobile Banking,BoA Mobile,it is not bad it just ok,4,2026-03-23 17:06:18,Google Play
BOA Mobile Banking,BoA Mobile,well,1,2026-03-22 21:16:21,Google Play
BOA Mobile Banking,BoA Mobile,i can't transfer money to other bank. 😒😒,4,2026-03-22 18:05:01,Google Play
BOA Mobile Banking,BoA Mobile,doesn't work,1,2026-03-22 15:34:33,Google Play
BOA Mobile Banking,BoA Mobile,cheru birhanu,1,2026-03-22 15:27:34,Google Play
BOA Mobile Banking,BoA Mobile,This app good b/c reduce my time,5,2026-03-22 13:01:24,Google Play
BOA Mobile Banking,BoA Mobile,Machin tecnoloj,3,2026-03-22 09:08:21,Google Play
BOA Mobile Banking,BoA Mobile,developer option offe,1,2026-03-22 07:13:54,Google Play
BOA Mobile Banking,BoA Mobile,"Bank of Abyssinia used to be the best for me, but now I don’t think so. I spent the whole day at the branch trying to fix my mobile banking, yet nothing changed. I was asked repeatedly for my ID and signature without any real solution. It’s disappointing and frustrating to see such poor service. I expected much better 🙏 Please fix this urgently 🙏",1,2026-03-22 01:37:47,Google Play
BOA Mobile Banking,BoA Mobile,good!,4,2026-03-21 21:03:29,Google Play
BOA Mobile Banking,BoA Mobile,BoA Mobile app,5,2026-03-21 20:44:51,Google Play
BOA Mobile Banking,BoA Mobile,good,5,2026-03-21 18:58:45,Google Play
BOA Mobile Banking,BoA Mobile,it is simple and fast app,5,2026-03-21 15:46:14,Google Play
BOA Mobile Banking,BoA Mobile,awful,1,2026-03-21 13:19:20,Google Play
BOA Mobile Banking,BoA Mobile,👍👍👍,5,2026-03-20 22:07:00,Google Play
BOA Mobile Banking,BoA Mobile,ቤጣም ጥሩ ነው ግን ኖ ፍጥነት ብዙ ስታክ ኦኬ,5,2026-03-20 19:52:11,Google Play
BOA Mobile Banking,BoA Mobile,best app,5,2026-03-20 17:06:44,Google Play
BOA Mobile Banking,BoA Mobile,awesome and fast app it uses to do my work easier..🥰,5,2026-03-20 16:34:08,Google Play
BOA Mobile Banking,BoA Mobile,simple and fast,5,2026-03-20 10:22:05,Google Play
BOA Mobile Banking,BoA Mobile,very good appreciation trusted,5,2026-03-20 08:02:57,Google Play
BOA Mobile Banking,BoA Mobile,very nice app u love it,5,2026-03-19 20:41:26,Google Play
BOA Mobile Banking,BoA Mobile,happy,4,2026-03-19 15:53:03,Google Play
BOA Mobile Banking,BoA Mobile,The worst banking app ever. When I toggle the balance button it shows session expired. I can't even check balance😔,1,2026-03-19 15:36:05,Google Play
BOA Mobile Banking,BoA Mobile,Secured and rely on BOA.,4,2026-03-19 11:59:18,Google Play
BOA Mobile Banking,BoA Mobile,good,5,2026-03-19 11:50:48,Google Play
BOA Mobile Banking,BoA Mobile,Nice App,5,2026-03-19 10:46:40,Google Play
BOA Mobile Banking,BoA Mobile,Good,1,2026-03-18 12:23:54,Google Play
BOA Mobile Banking,BoA Mobile,very good app,5,2026-03-18 09:31:21,Google Play
BOA Mobile Banking,BoA Mobile,good to use,5,2026-03-18 09:14:55,Google Play
BOA Mobile Banking,BoA Mobile,excellent!,5,2026-03-18 08:44:45,Google Play
BOA Mobile Banking,BoA Mobile,Thanks bank of Abisiniya,5,2026-03-17 23:02:36,Google Play
BOA Mobile Banking,BoA Mobile,good ap,5,2026-03-17 22:09:50,Google Play
BOA Mobile Banking,BoA Mobile,Very nice application,5,2026-03-17 21:33:30,Google Play
BOA Mobile Banking,BoA Mobile,the BoA is the smartest app,5,2026-03-17 20:04:57,Google Play
BOA Mobile Banking,BoA Mobile,nice,5,2026-03-17 19:55:05,Google Play
BOA Mobile Banking,BoA Mobile,Wow!!,5,2026-03-17 18:31:36,Google Play
BOA Mobile Banking,BoA Mobile,v.good,5,2026-03-17 18:07:57,Google Play
BOA Mobile Banking,BoA Mobile,wow,5,2026-03-17 17:57:37,Google Play
BOA Mobile Banking,BoA Mobile,best,5,2026-03-17 17:23:35,Google Play
BOA Mobile Banking,BoA Mobile,very excellent and truth application.,5,2026-03-17 17:09:01,Google Play
BOA Mobile Banking,BoA Mobile,very good,4,2026-03-17 16:19:40,Google Play
BOA Mobile Banking,BoA Mobile,"All problems are fixed now , easy to use recommended.",5,2026-03-17 15:28:29,Google Play
BOA Mobile Banking,BoA Mobile,it is slow app pls update more,5,2026-03-17 14:51:45,Google Play
BOA Mobile Banking,BoA Mobile,good,5,2026-03-17 14:44:06,Google Play
BOA Mobile Banking,BoA Mobile,amazing app ever,5,2026-03-17 13:17:29,Google Play
BOA Mobile Banking,BoA Mobile,It did not work at all for me,1,2026-03-17 13:06:11,Google Play
BOA Mobile Banking,BoA Mobile,besat🥰,4,2026-03-17 09:15:05,Google Play
BOA Mobile Banking,BoA Mobile,amazing 😄 service I appreciate it,5,2026-03-17 08:56:41,Google Play
BOA Mobile Banking,BoA Mobile,no limit app,5,2026-03-17 00:22:38,Google Play
BOA Mobile Banking,BoA Mobile,Very excayeted and degjetalization more accecing to any markate enabled servece also hamble so more atande,4,2026-03-16 23:29:33,Google Play
BOA Mobile Banking,BoA Mobile,Best !,5,2026-03-16 17:58:39,Google Play
BOA Mobile Banking,BoA Mobile,the app is always full of bugs and I don't know why they don't even try to fix them it's been like this for years it's always unstable,1,2026-03-16 17:35:33,Google Play
BOA Mobile Banking,BoA Mobile,very good,4,2026-03-16 16:38:16,Google Play
BOA Mobile Banking,BoA Mobile,fast app,5,2026-03-16 16:19:33,Google Play
BOA Mobile Banking,BoA Mobile,best app,5,2026-03-16 15:58:56,Google Play
BOA Mobile Banking,BoA Mobile,very good service,3,2026-03-16 15:27:55,Google Play
BOA Mobile Banking,BoA Mobile,lovely app,5,2026-03-16 13:33:30,Google Play
BOA Mobile Banking,BoA Mobile,"BoA easily accessible, fast with best service, Go ahead",5,2026-03-16 13:19:54,Google Play
BOA Mobile Banking,BoA Mobile,its so amazing,5,2026-03-16 10:05:14,Google Play
BOA Mobile Banking,BoA Mobile,good,5,2026-03-16 09:23:47,Google Play
BOA Mobile Banking,BoA Mobile,Now this bank is among those Ethiopian banks with best mobile banking. N.B I will give 5 star if the app asks a PIN before completing transaction.,4,2026-03-16 09:04:48,Google Play
BOA Mobile Banking,BoA Mobile,love BOA,1,2026-03-15 15:19:43,Google Play
BOA Mobile Banking,BoA Mobile,wow,5,2026-03-14 14:35:22,Google Play
BOA Mobile Banking,BoA Mobile,i like,5,2026-03-14 04:23:56,Google Play
BOA Mobile Banking,BoA Mobile,it stucks and jumps out,1,2026-03-13 16:50:45,Google Play
BOA Mobile Banking,BoA Mobile,ማስተዋልይርሳው,5,2026-03-11 13:12:22,Google Play
BOA Mobile Banking,BoA Mobile,1 ደኛ,5,2026-03-11 00:15:33,Google Play
BOA Mobile Banking,BoA Mobile,nice,5,2026-03-10 17:47:02,Google Play
BOA Mobile Banking,BoA Mobile,considering the fact that bank is huge this app really bad you could do better,1,2026-03-10 16:31:41,Google Play
BOA Mobile Banking,BoA Mobile,fast security 🔥🔥🔥,5,2026-03-07 12:38:41,Google Play
BOA Mobile Banking,BoA Mobile,100% 😱😱,5,2026-03-07 12:25:12,Google Play
BOA Mobile Banking,BoA Mobile,doesn't work.,1,2026-03-06 02:33:39,Google Play
BOA Mobile Banking,BoA Mobile,nice,5,2026-03-04 02:46:00,Google Play
BOA Mobile Banking,BoA Mobile,atdtd,1,2026-03-03 11:37:40,Google Play
BOA Mobile Banking,BoA Mobile,Its so boaring app I ever had....please review and fix z deficulties,1,2026-03-03 02:47:23,Google Play
BOA Mobile Banking,BoA Mobile,ፈት አፈዘ,1,2026-03-03 00:02:53,Google Play
BOA Mobile Banking,BoA Mobile,profesionl,5,2026-03-02 12:03:39,Google Play
BOA Mobile Banking,BoA Mobile,nice,5,2026-03-02 02:15:36,Google Play
BOA Mobile Banking,BoA Mobile,very nice,5,2026-03-01 17:39:22,Google Play
BOA Mobile Banking,BoA Mobile,no app,1,2026-03-01 08:58:51,Google Play
BOA Mobile Banking,BoA Mobile,BOA mobile app,5,2026-02-28 00:58:15,Google Play
BOA Mobile Banking,BoA Mobile,"Good App But big problem with Trasfer to other Bank im send some money to other bank still not reach it ,it's take time around two days",4,2026-02-27 16:46:37,Google Play
BOA Mobile Banking,BoA Mobile,Use the best bank account ✅👌👌👌,5,2026-02-25 04:16:11,Google Play
BOA Mobile Banking,BoA Mobile,well app,5,2026-02-24 15:34:02,Google Play
BOA Mobile Banking,BoA Mobile,"balance sync is working after 24 hours, frequently stop working for the last 4 yrs, boring update released, very poor service",2,2026-02-23 08:12:09,Google Play
BOA Mobile Banking,BoA Mobile,Excellent service thanks,5,2026-02-20 11:34:26,Google Play
BOA Mobile Banking,BoA Mobile,good,5,2026-02-19 13:34:36,Google Play
BOA Mobile Banking,BoA Mobile,good,5,2026-02-19 04:06:32,Google Play
BOA Mobile Banking,BoA Mobile,Good,5,2026-02-17 18:53:42,Google Play
BOA Mobile Banking,BoA Mobile,it crush every time you opend it it is hard to pay quickly or to access,1,2026-02-17 10:27:49,Google Play
BOA Mobile Banking,BoA Mobile,it is a best app,5,2026-02-16 02:05:31,Google Play
BOA Mobile Banking,BoA Mobile,"this app is useless, i try to use it but the app crash and log me out and this is happen again and again. i thought they will fix it on update but there is no update.",1,2026-02-15 07:50:01,Google Play
BOA Mobile Banking,BoA Mobile,"It’s very hard, it’s not working.👎👎",1,2026-02-11 16:55:01,Google Play
BOA Mobile Banking,BoA Mobile,v.good,5,2026-02-11 04:29:55,Google Play
BOA Mobile Banking,BoA Mobile,some time the app would have been a problem to open,5,2026-02-10 22:46:44,Google Play
BOA Mobile Banking,BoA Mobile,good,5,2026-02-10 09:43:43,Google Play
BOA Mobile Banking,BoA Mobile,good,5,2026-02-08 18:42:24,Google Play
BOA Mobile Banking,BoA Mobile,Its not work accurately please improve your mobile banking,1,2026-02-03 09:19:03,Google Play
BOA Mobile Banking,BoA Mobile,the most doagusting app from ethiopian banking especially on weekdenda🤮🤮🤮🤮🤮🤮🤮,1,2026-02-02 22:36:33,Google Play
BOA Mobile Banking,BoA Mobile,wondo mechesa,5,2026-01-31 15:48:52,Google Play
BOA Mobile Banking,BoA Mobile,good but the user interface and animations need some upgrade,4,2026-01-31 12:31:47,Google Play
BOA Mobile Banking,BoA Mobile,what is wrong these app ?,1,2026-01-30 18:46:57,Google Play
BOA Mobile Banking,BoA Mobile,very good app,5,2026-01-29 12:39:44,Google Play
BOA Mobile Banking,BoA Mobile,unsatisfied to your mobile banking application,5,2026-01-28 01:41:02,Google Play
BOA Mobile Banking,BoA Mobile,"Whenever I want to see my balance, the app says “no” and logs me out. Looks like the developer doesn’t want customers to know the truth 😄! This app really protects my money. It logs me out before I can even see my balance. 👉 Honestly, this app doesn’t reflect the quality of Bank of Abyssinia.",3,2026-01-26 18:50:33,Google Play
BOA Mobile Banking,BoA Mobile,"BoA Mobile is boring, imagine if you install it to your phone it crash when once used and require reinstall. I downloaded ten times but it still crashing.",1,2026-01-25 17:13:11,Google Play
BOA Mobile Banking,BoA Mobile,እሽቱ,5,2026-01-24 23:06:48,Google Play
BOA Mobile Banking,BoA Mobile,very clumsy application. it sucks alot.,1,2026-01-23 21:47:52,Google Play
BOA Mobile Banking,BoA Mobile,so perfect in everything,5,2026-01-22 20:08:57,Google Play
BOA Mobile Banking,BoA Mobile,yse good ap,5,2026-01-22 16:19:27,Google Play
BOA Mobile Banking,BoA Mobile,the worst Mobile banking app👎👎👎👎,1,2026-01-22 08:35:04,Google Play
BOA Mobile Banking,BoA Mobile,እየሩስ ፣አይለ፣,1,2026-01-20 22:09:01,Google Play
BOA Mobile Banking,BoA Mobile,very nice,5,2026-01-20 13:55:50,Google Play
BOA Mobile Banking,BoA Mobile,very Good application,4,2026-01-14 22:19:32,Google Play
BOA Mobile Banking,BoA Mobile,yes,5,2026-01-13 15:59:48,Google Play
BOA Mobile Banking,BoA Mobile,app doesnt work,1,2026-01-10 17:26:50,Google Play
BOA Mobile Banking,BoA Mobile,it's too slow and when you are in a hurry don't use this app,1,2026-01-10 15:56:11,Google Play
BOA Mobile Banking,BoA Mobile,The worest app ever .work hard and do betterthan this,1,2026-01-09 19:57:36,Google Play
BOA Mobile Banking,BoA Mobile,The app is always glitch seems there's is significant issue from the backend. Can someone take a look on this or just remove from appstore this trash 🗑 🙄. Thank you.,1,2026-01-07 07:16:09,Google Play
BOA Mobile Banking,BoA Mobile,n m ű,3,2026-01-06 20:11:11,Google Play
BOA Mobile Banking,BoA Mobile,so good,5,2026-01-06 14:40:05,Google Play
BOA Mobile Banking,BoA Mobile,my app is not working .,1,2026-01-06 09:36:21,Google Play
BOA Mobile Banking,BoA Mobile,"Problems with internet, the app sometimes says there is no internet connection while Internet Data is on. this needs to be fixed, it's unacceptable not being able to access your bank account when you need it.",1,2026-01-05 20:39:22,Google Play
BOA Mobile Banking,BoA Mobile,"There's only one word to describe BOA mobile banking app, and it's 'እንጨት'. It's been the worst experience and it's continuing to be so.",1,2026-01-04 14:08:08,Google Play
BOA Mobile Banking,BoA Mobile,not good update it again,1,2026-01-04 09:06:33,Google Play
BOA Mobile Banking,BoA Mobile,the app not works on samsung galaxy A06 models it's directly kick you out of the app whenever u want to use it amd and then it's says the app is not working i hope they fix it soon,2,2026-01-04 00:52:21,Google Play
BOA Mobile Banking,BoA Mobile,The worest banking app i ever used,1,2026-01-03 18:02:34,Google Play
BOA Mobile Banking,BoA Mobile,"This app is the worst app I've ever seen. Unless the developer fixes it, BOA will lose all its customers.",1,2026-01-02 15:17:45,Google Play
BOA Mobile Banking,BoA Mobile,yetemeta app nw cherash nw apk west maygebawu beza sebeb absiniya tesenabichalewu,1,2026-01-01 07:48:18,Google Play
BOA Mobile Banking,BoA Mobile,ደገፉ ፈፊኘየየከ ወግወ ደገፉ,5,2025-12-31 17:16:39,Google Play
BOA Mobile Banking,BoA Mobile,good,5,2025-12-27 20:54:09,Google Play
BOA Mobile Banking,BoA Mobile,good 👍👍👍,5,2025-12-27 11:49:13,Google Play
BOA Mobile Banking,BoA Mobile,best digital financing app in ethiopia,5,2025-12-26 21:57:11,Google Play
BOA Mobile Banking,BoA Mobile,wooow,5,2025-12-26 20:18:19,Google Play
BOA Mobile Banking,BoA Mobile,very good to be continued to update,5,2025-12-24 10:15:21,Google Play
BOA Mobile Banking,BoA Mobile,የአቢሲኒያ ባንክ app,5,2025-12-22 19:26:26,Google Play
BOA Mobile Banking,BoA Mobile,አፕሊኬሽኑ መጨረሻ ቀርፋፋ ነው:: 2G,1,2025-12-21 18:34:15,Google Play
BOA Mobile Banking,BoA Mobile,best,5,2025-12-21 17:50:07,Google Play
BOA Mobile Banking,BoA Mobile,"what is this the 19 century 😡,we can't even see our balance,this app is going backwards 😤",1,2025-12-21 11:11:45,Google Play
BOA Mobile Banking,BoA Mobile,The worst Mobile banking app in Ethiopia,1,2025-12-20 15:29:07,Google Play
BOA Mobile Banking,BoA Mobile,great,5,2025-12-18 10:47:08,Google Play
BOA Mobile Banking,BoA Mobile,Applicationa kerem delile,5,2025-12-18 01:05:07,Google Play
BOA Mobile Banking,BoA Mobile,fast,5,2025-12-17 18:05:07,Google Play
BOA Mobile Banking,BoA Mobile,Good,5,2025-12-17 10:49:49,Google Play
BOA Mobile Banking,BoA Mobile,good,5,2025-12-16 15:50:18,Google Play
BOA Mobile Banking,BoA Mobile,best,5,2025-12-15 14:28:56,Google Play
BOA Mobile Banking,BoA Mobile,nice,5,2025-12-13 09:10:55,Google Play
BOA Mobile Banking,BoA Mobile,WE EXPECT IT WILL BE MORE AND MORE FASTER THAN EARLIER!,5,2025-12-13 08:21:22,Google Play
BOA Mobile Banking,BoA Mobile,Amazing App 👏,5,2025-12-12 20:12:54,Google Play
BOA Mobile Banking,BoA Mobile,Niec app,5,2025-12-12 14:00:05,Google Play
BOA Mobile Banking,BoA Mobile,best app of the year,5,2025-12-12 12:37:25,Google Play
BOA Mobile Banking,BoA Mobile,waw,2,2025-12-12 11:40:45,Google Play
BOA Mobile Banking,BoA Mobile,it constantly bugs and doesnt open what is the purpose of mobile banking app if i dont use it when i need it?,1,2025-12-12 10:56:13,Google Play
BOA Mobile Banking,BoA Mobile,good,4,2025-12-09 09:59:13,Google Play
BOA Mobile Banking,BoA Mobile,good,4,2025-12-06 06:16:40,Google Play
BOA Mobile Banking,BoA Mobile,"please fix the bug this app does not work, it says Error The request was not successful. Please check device connectivity or try again.",1,2025-12-05 20:26:55,Google Play
BOA Mobile Banking,BoA Mobile,not bad,3,2025-12-04 12:46:06,Google Play
BOA Mobile Banking,BoA Mobile,nice banking,5,2025-12-02 12:39:41,Google Play
BOA Mobile Banking,BoA Mobile,what a bad app... cant even learn from CBE ... how can they even improve?,1,2025-12-02 11:12:23,Google Play
BOA Mobile Banking,BoA Mobile,it stuck everytime when i use it . the app won't budge to even open,1,2025-12-02 07:43:05,Google Play
BOA Mobile Banking,BoA Mobile,i don't find it good and now it is not working!,1,2025-12-01 20:46:47,Google Play
BOA Mobile Banking,BoA Mobile,Make the reason we wrote visible on app transaction.,2,2025-12-01 09:20:30,Google Play
BOA Mobile Banking,BoA Mobile,app is note active working crash,1,2025-11-30 21:57:28,Google Play
BOA Mobile Banking,BoA Mobile,Very Good,5,2025-11-28 20:18:20,Google Play
BOA Mobile Banking,BoA Mobile,goof,5,2025-11-28 13:33:37,Google Play
BOA Mobile Banking,BoA Mobile,good!,5,2025-11-28 12:19:31,Google Play
BOA Mobile Banking,BoA Mobile,bad exprience...it is so crushed,1,2025-11-27 11:41:15,Google Play
BOA Mobile Banking,BoA Mobile,not user friendly at all it requires a huge connectivity and also lags many times 😑😑😑,1,2025-11-26 22:52:50,Google Play
BOA Mobile Banking,BoA Mobile,ምንም የማይ ሰራ,1,2025-11-26 13:08:10,Google Play
BOA Mobile Banking,BoA Mobile,very good,5,2025-11-25 13:15:43,Google Play
BOA Mobile Banking,BoA Mobile,most of the time is not working properly,1,2025-11-25 08:23:20,Google Play
BOA Mobile Banking,BoA Mobile,good service,5,2025-11-25 02:10:24,Google Play
BOA Mobile Banking,BoA Mobile,not use for me,3,2025-11-23 18:23:59,Google Play
BOA Mobile Banking,BoA Mobile,It keeps notifying me to disable developer options and quiet while I'm not enabled. always bring another type of problem with new updates.,1,2025-11-22 14:21:32,Google Play
BOA Mobile Banking,BoA Mobile,waw,5,2025-11-21 06:49:18,Google Play
BOA Mobile Banking,BoA Mobile,the lag is unbelievable when you need it the most this suks,1,2025-11-19 13:04:40,Google Play
BOA Mobile Banking,BoA Mobile,I cant belive I could find the worst bank app ever .yet very simple to fix the problem and the company just ignored it. no body can do business with this kind of app.,1,2025-11-18 20:28:03,Google Play
BOA Mobile Banking,BoA Mobile,it is a good app,5,2025-11-18 09:47:47,Google Play
BOA Mobile Banking,BoA Mobile,it is not working at all,1,2025-11-15 20:42:13,Google Play
BOA Mobile Banking,BoA Mobile,🥰🥰🥰🥰🥰 app is good but i was live in abroad and when i enter my otp code it didnt make me to write my code it the app want it self write thats not fair so please other wise i like it why,5,2025-11-15 19:29:15,Google Play
BOA Mobile Banking,BoA Mobile,when trying to activate the app it keeps on loading on the security questions page. It has been two days,1,2025-11-13 09:57:58,Google Play
BOA Mobile Banking,BoA Mobile,fast and simple,5,2025-11-11 03:23:24,Google Play
BOA Mobile Banking,BoA Mobile,best of best,5,2025-11-10 19:25:19,Google Play
BOA Mobile Banking,BoA Mobile,Worest Banking App Ever I seen. Fake App Bad Better to Leave,1,2025-11-10 19:03:40,Google Play
BOA Mobile Banking,BoA Mobile,good,4,2025-11-10 14:46:34,Google Play
BOA Mobile Banking,BoA Mobile,"I would like to share feedback regarding the application. It frequently experiences disruptions and does not function properly, often freezing or failing to load. This issue is affecting workflow and efficiency. Kindly review and address this problem to ensure smoother performance.",1,2025-11-08 13:11:33,Google Play
BOA Mobile Banking,BoA Mobile,Meet you genuine.App I tried is not functional.Helping.welldoingwith BOA Ethiopia .fastandrelevant.morconnecting Digitalyworld.Digitalyworld. thanks.,5,2025-11-08 12:18:43,Google Play
BOA Mobile Banking,BoA Mobile,best app,5,2025-11-08 11:40:22,Google Play
BOA Mobile Banking,BoA Mobile,Best app,5,2025-11-07 21:15:06,Google Play
BOA Mobile Banking,BoA Mobile,"Barely works, it always fails to connect",1,2025-11-07 16:33:56,Google Play
BOA Mobile Banking,BoA Mobile,this app launch time is so long also has dozen bugs in addition it's has been long time get update,1,2025-11-05 12:22:49,Google Play
BOA Mobile Banking,BoA Mobile,very nice,5,2025-11-04 17:21:49,Google Play
BOA Mobile Banking,BoA Mobile,"Your application is very irritating to use, some functionality doesn't even work like on the card management. You need to do better than this and it good idea to reference other banking applications.",3,2025-11-04 15:26:13,Google Play
BOA Mobile Banking,BoA Mobile,I like,5,2025-11-02 16:36:02,Google Play
BOA Mobile Banking,BoA Mobile,ወይ አሻሽሉትና እንጠቀምበት ያለያ ብታጠፉት ይሻላል። በቃ ምንም ነገር አይሰራም መተግበሪያ አለን ብላችሁ እንዳታወሩ ለማንም የማይመከር ቀርፋፋና ተግባር የለሽ መተግበሪያ,1,2025-11-01 14:12:12,Google Play
BOA Mobile Banking,BoA Mobile,i m sorry but it doesn't work for my android it is too slow but other bank are very fast please update,1,2025-10-30 22:18:43,Google Play
BOA Mobile Banking,BoA Mobile,"the worst app ever,",1,2025-10-30 21:09:22,Google Play
BOA Mobile Banking,BoA Mobile,better,5,2025-10-29 14:51:14,Google Play
BOA Mobile Banking,BoA Mobile,"I kindly request that Bank of abyssinia address issues with its mobile app. It is very slow, has numerous problems, and frequently experiences downtime. The user experience is also poor. Thank you.",1,2025-10-28 20:07:21,Google Play
BOA Mobile Banking,BoA Mobile,this app can't open? what is problem? please solve my problem?,1,2025-10-28 02:44:21,Google Play
BOA Mobile Banking,BoA Mobile,kiyaa makonn,5,2025-10-27 22:28:55,Google Play
BOA Mobile Banking,BoA Mobile,very very lazy app,1,2025-10-26 23:12:22,Google Play
BOA Mobile Banking,BoA Mobile,telebirr remittance,5,2025-10-24 16:04:33,Google Play
BOA Mobile Banking,BoA Mobile,The best bank in 🇪🇹,5,2025-10-23 20:01:50,Google Play
BOA Mobile Banking,BoA Mobile,its good,5,2025-10-22 19:14:24,Google Play
BOA Mobile Banking,BoA Mobile,the worst app in my financial experience.,1,2025-10-22 13:13:16,Google Play
BOA Mobile Banking,BoA Mobile,good for mb appliciation,5,2025-10-21 17:22:18,Google Play
BOA Mobile Banking,BoA Mobile,the worst bank ever. slow don't accept dual sim. they are very stupid and greedy,1,2025-10-20 17:36:14,Google Play
BOA Mobile Banking,BoA Mobile,try to easy network,4,2025-10-17 15:56:04,Google Play
BOA Mobile Banking,BoA Mobile,hussen hassen umer,5,2025-10-16 20:05:56,Google Play
BOA Mobile Banking,BoA Mobile,"The app is not suitable and lacks a good UI design. As a large bank, you must update your app with a professional UI that is fast and appropriate.",2,2025-10-16 11:53:31,Google Play
BOA Mobile Banking,BoA Mobile,an exceptional banking app.,5,2025-10-16 09:51:09,Google Play
BOA Mobile Banking,BoA Mobile,alhamdulilah,5,2025-10-11 09:38:31,Google Play
BOA Mobile Banking,BoA Mobile,poor,5,2025-10-11 06:59:58,Google Play
BOA Mobile Banking,BoA Mobile,Best of best,5,2025-10-09 09:31:41,Google Play
BOA Mobile Banking,BoA Mobile,from the last week updates the app is not working Please check the problems,1,2025-10-08 20:21:32,Google Play
BOA Mobile Banking,BoA Mobile,It's always crushing,1,2025-10-08 10:28:55,Google Play
BOA Mobile Banking,BoA Mobile,office branches have to improve their services please,4,2025-10-07 07:22:58,Google Play
BOA Mobile Banking,BoA Mobile,♥️♥️,5,2025-10-05 20:45:56,Google Play
BOA Mobile Banking,BoA Mobile,Why does it keep crashing? I can't even use this. BOA should do better. You have many customers and how to deal with this. I can't send money now.,1,2025-10-05 19:04:02,Google Play
BOA Mobile Banking,BoA Mobile,it needs a timely update,5,2025-10-03 09:39:36,Google Play
BOA Mobile Banking,BoA Mobile,"It does not show the name of the person who sent the money to request a receipt. This has become very difficult for us. When different people transfer the same amount to me from different banks, it is very difficult to identify the account or the name of the sender.",3,2025-10-01 22:45:17,Google Play
BOA Mobile Banking,BoA Mobile,Like,5,2025-10-01 22:10:29,Google Play
BOA Mobile Banking,BoA Mobile,I can't type my otp on it.,1,2025-10-01 18:42:50,Google Play
BOA Mobile Banking,BoA Mobile,"most of bank apps in Ethiopia are linked with ethiopian phone number, I live in US permanently so when I open BoA account, I told them where I live and to link it with email address instead of phone # as ethio phone number is not working where I live, unfortunetly my fear appeared and now when I change my phone device, it send the code to the ethio number which is not with me now. so please when u develop bank apps consider the diaspora community to use ur apps",1,2025-10-01 15:30:39,Google Play
BOA Mobile Banking,BoA Mobile,jaajja,4,2025-09-30 13:13:07,Google Play
BOA Mobile Banking,BoA Mobile,I love this bank the best experience ever.,5,2025-09-28 04:17:38,Google Play
BOA Mobile Banking,BoA Mobile,"Nothing has been improved, it doesn't work like the previous version.",1,2025-09-25 20:41:02,Google Play
BOA Mobile Banking,BoA Mobile,Great,5,2025-09-20 17:06:09,Google Play
BOA Mobile Banking,BoA Mobile,mobile banking,5,2025-09-19 18:43:07,Google Play
BOA Mobile Banking,BoA Mobile,very good,5,2025-09-18 20:31:44,Google Play
BOA Mobile Banking,BoA Mobile,"need alot of connection, chooses device, very lug even when there is connection",1,2025-09-17 13:50:17,Google Play
BOA Mobile Banking,BoA Mobile,On my ios it's perfect but on android it barley works and don't transfer and after a while it crushed and totally stopped working. Please fix the issue my beloved bank of abyssinia.,1,2025-09-15 17:16:36,Google Play
BOA Mobile Banking,BoA Mobile,none,5,2025-09-14 21:21:53,Google Play
BOA Mobile Banking,BoA Mobile,good,2,2025-09-13 08:42:59,Google Play
BOA Mobile Banking,BoA Mobile,good,5,2025-09-12 11:11:17,Google Play
BOA Mobile Banking,BoA Mobile,very good app i ever used,5,2025-09-12 08:25:40,Google Play
BOA Mobile Banking,BoA Mobile,its nice app especially the transaction limit is extended but We face that BoA m.banking app doesn't respond at the activation stage strictly at SMSNG mobile phone. please try this to make safe.,4,2025-09-11 19:48:42,Google Play
BOA Mobile Banking,BoA Mobile,zedo,5,2025-09-11 02:38:59,Google Play
BOA Mobile Banking,BoA Mobile,please open my mobile app,5,2025-09-10 15:43:30,Google Play
BOA Mobile Banking,BoA Mobile,it doesn't open,1,2025-09-10 12:38:37,Google Play
BOA Mobile Banking,BoA Mobile,Very Good,5,2025-09-09 01:18:34,Google Play
BOA Mobile Banking,BoA Mobile,Best banking transaction application in Ethiopia !,5,2025-09-05 17:24:28,Google Play
BOA Mobile Banking,BoA Mobile,السلام عليكم ورحمة الله وبركاته ماشاء الله تبارك الرحمن هذا التطبيق ممتاز جدا,5,2025-09-04 18:02:58,Google Play
BOA Mobile Banking,BoA Mobile,tamaam kamal,1,2025-09-04 01:55:34,Google Play
BOA Mobile Banking,BoA Mobile,በጣም ሐሪፍ,5,2025-09-03 15:16:27,Google Play
BOA Mobile Banking,BoA Mobile,great 👍,5,2025-09-02 09:11:28,Google Play
BOA Mobile Banking,BoA Mobile,goof,4,2025-09-01 09:54:57,Google Play
BOA Mobile Banking,BoA Mobile,absiniya banki,5,2025-08-29 18:14:45,Google Play
BOA Mobile Banking,BoA Mobile,has issue after installation and i think it doesn't work with tecno common 30,1,2025-08-26 15:05:33,Google Play
BOA Mobile Banking,BoA Mobile,One of the best in this business,5,2025-08-25 16:34:55,Google Play
BOA Mobile Banking,BoA Mobile,Excellent,5,2025-08-20 20:32:23,Google Play
BOA Mobile Banking,BoA Mobile,besat🥰,5,2025-08-19 21:47:44,Google Play
BOA Mobile Banking,BoA Mobile,unlimited experience,5,2025-08-18 09:15:44,Google Play
BOA Mobile Banking,BoA Mobile,"as bank, u should at least hire someone good at their job bc this a joke nowadays I can't even log in or even transfer without it crashing if u fix the app I will update this review I am counting on u boa update: so they atleast fixed it but as suggestion can u put password when in final step of sending money it will feel more secure that way",4,2025-08-17 06:44:58,Google Play
BOA Mobile Banking,BoA Mobile,very nice mobile banking app my favourite,5,2025-08-16 13:58:54,Google Play
BOA Mobile Banking,BoA Mobile,"it almost never boots up!!! and even if it did, it crashes immediately",1,2025-08-15 14:12:02,Google Play
BOA Mobile Banking,BoA Mobile,best apps,5,2025-08-15 14:01:49,Google Play
BOA Mobile Banking,BoA Mobile,the worst app ever to exist in a bank history,1,2025-08-15 11:08:29,Google Play
BOA Mobile Banking,BoA Mobile,thank you,5,2025-08-14 07:41:49,Google Play
BOA Mobile Banking,BoA Mobile,Best mobile app in the country,5,2025-08-14 07:04:30,Google Play
BOA Mobile Banking,BoA Mobile,not fast,2,2025-08-12 18:29:21,Google Play
BOA Mobile Banking,BoA Mobile,keeps freezing at the front page.,1,2025-08-10 17:35:29,Google Play
BOA Mobile Banking,BoA Mobile,it is not working on redminote 11 pro+ pls fix it,1,2025-08-08 07:03:06,Google Play
BOA Mobile Banking,BoA Mobile,abseniya bank app,5,2025-08-08 03:00:41,Google Play
BOA Mobile Banking,BoA Mobile,good,5,2025-08-05 17:19:00,Google Play
BOA Mobile Banking,BoA Mobile,yes goode app,5,2025-08-03 23:19:34,Google Play
BOA Mobile Banking,BoA Mobile,Great App,5,2025-08-02 21:34:23,Google Play
BOA Mobile Banking,BoA Mobile,1) Crashes repeatedly 2) Takes Century to Boot 3) Repeatedly requires Update which is very annoying. 4) It doesn't ask for Password for one step confirmation when transferring money. 5) Automatically stops music when the app is launched (it doesn't really matter just fyi) Overall this have to be the worst mobile banking app I have tried so far and should not be released with all these bugs & issues.,1,2025-08-02 16:36:41,Google Play
BOA Mobile Banking,BoA Mobile,ረጀብነሱ,1,2025-07-31 16:03:22,Google Play
BOA Mobile Banking,BoA Mobile,The Worst Mobile Banking App.,1,2025-07-31 08:17:18,Google Play
BOA Mobile Banking,BoA Mobile,giod,5,2025-07-30 23:13:34,Google Play
BOA Mobile Banking,BoA Mobile,best bank in ethiopia,5,2025-07-29 19:00:02,Google Play
BOA Mobile Banking,BoA Mobile,waqayyoo,5,2025-07-28 09:47:08,Google Play
BOA Mobile Banking,BoA Mobile,please is not working,2,2025-07-27 20:25:36,Google Play
BOA Mobile Banking,BoA Mobile,nothing when I need to install the Apk it say that re-up date,5,2025-07-25 09:42:43,Google Play
BOA Mobile Banking,BoA Mobile,I can log in from any where,5,2025-07-23 03:05:42,Google Play
BOA Mobile Banking,BoA Mobile,no proplem,5,2025-07-20 17:52:05,Google Play
BOA Mobile Banking,BoA Mobile,👍👍👍,5,2025-07-20 00:05:52,Google Play
BOA Mobile Banking,BoA Mobile,excellent app,5,2025-07-18 16:05:21,Google Play
BOA Mobile Banking,BoA Mobile,good work,5,2025-07-15 21:39:23,Google Play
BOA Mobile Banking,BoA Mobile,excellent,5,2025-07-14 18:05:54,Google Play
BOA Mobile Banking,BoA Mobile,Great BoA,5,2025-07-14 16:12:11,Google Play
BOA Mobile Banking,BoA Mobile,Good,5,2025-07-14 15:41:54,Google Play
BOA Mobile Banking,BoA Mobile,Okay,4,2025-07-13 20:18:06,Google Play
BOA Mobile Banking,BoA Mobile,not working,1,2025-07-12 12:26:49,Google Play
BOA Mobile Banking,BoA Mobile,This App is Getting worse and worse with every update,2,2025-07-11 13:03:44,Google Play
BOA Mobile Banking,BoA Mobile,ምርጥ ነው,1,2025-07-10 15:21:42,Google Play
BOA Mobile Banking,BoA Mobile,nice,5,2025-07-10 14:40:43,Google Play
BOA Mobile Banking,BoA Mobile,Best app,5,2025-07-08 07:11:03,Google Play
BOA Mobile Banking,BoA Mobile,meku,5,2025-07-07 12:47:46,Google Play
BOA Mobile Banking,BoA Mobile,nice,4,2025-07-04 17:10:57,Google Play
BOA Mobile Banking,BoA Mobile,awasome app go a head,5,2025-07-04 08:18:24,Google Play
BOA Mobile Banking,BoA Mobile,it sucks as hell. it crashes most of the time and takes a long time to load .,1,2025-07-03 03:31:08,Google Play
BOA Mobile Banking,BoA Mobile,Easy and very nice app to load more than the previouse but in recent time some loading problem detected.,5,2025-07-01 16:08:48,Google Play
BOA Mobile Banking,BoA Mobile,wow,5,2025-07-01 08:41:12,Google Play
BOA Mobile Banking,BoA Mobile,"The worst MBA I have experienced, The app crush frequently and they take to long to fix the problem even more than a week.",1,2025-06-27 09:30:30,Google Play
BOA Mobile Banking,BoA Mobile,amazing Banks App👌👌,3,2025-06-25 17:35:00,Google Play
BOA Mobile Banking,BoA Mobile,goof,5,2025-06-25 16:48:07,Google Play
BOA Mobile Banking,BoA Mobile,good App fore me,5,2025-06-25 15:12:00,Google Play
BOA Mobile Banking,BoA Mobile,"very uninterested it's not working when the ""developer mode on"" i haven't off the developer options i preferred to uninstall your app .....",1,2025-06-24 12:27:26,Google Play
BOA Mobile Banking,BoA Mobile,fantastic,5,2025-06-22 10:50:55,Google Play
BOA Mobile Banking,BoA Mobile,it's nice to use.,5,2025-06-21 09:34:30,Google Play
BOA Mobile Banking,BoA Mobile,app doesn't start,1,2025-06-21 08:48:21,Google Play
BOA Mobile Banking,BoA Mobile,Excellent application,5,2025-06-18 11:24:46,Google Play
BOA Mobile Banking,BoA Mobile,its very bad app its very slow,1,2025-06-17 11:08:55,Google Play
BOA Mobile Banking,BoA Mobile,ብዙዬ ሺዋየ በለጠ,1,2025-06-15 19:26:48,Google Play
BOA Mobile Banking,BoA Mobile,good,1,2025-06-15 12:16:19,Google Play
BOA Mobile Banking,BoA Mobile,Good job!,5,2025-06-13 11:04:06,Google Play
BOA Mobile Banking,BoA Mobile,best financial app.,5,2025-06-12 09:53:43,Google Play
BOA Mobile Banking,BoA Mobile,ቆንጆ ነው በርቱ,5,2025-06-11 21:19:48,Google Play
BOA Mobile Banking,BoA Mobile,the worst app humans ever created,1,2025-06-09 16:27:28,Google Play
BOA Mobile Banking,BoA Mobile,it's not working,3,2025-06-05 11:57:36,Google Play
BOA Mobile Banking,BoA Mobile,"Hello, I’m facing a problem with the BOA Mobile app. Every time I enter my phone number and password, the app crashes and shows an error that says “BoaMobile closed because this app has a bug.” I tried updating, reinstalling, and clearing cache, but nothing worked. Please fix this bug in the next update. I really need access to my account. Thank you.",1,2025-06-03 16:21:34,Google Play
BOA Mobile Banking,BoA Mobile,exceptional,5,2025-06-03 10:32:35,Google Play
BOA Mobile Banking,BoA Mobile,BoA Mobile good bank,5,2025-06-02 14:25:12,Google Play
BOA Mobile Banking,BoA Mobile,this is worest app 24/7 loading,1,2025-06-01 15:51:10,Google Play
BOA Mobile Banking,BoA Mobile,BoA system is confartable,5,2025-06-01 00:47:32,Google Play
BOA Mobile Banking,BoA Mobile,"this app, for me , is a waste of time. It doesn't work . I can't even long in, and it really piss me off. FIX THE PROBLEM",1,2025-05-27 21:16:27,Google Play
BOA Mobile Banking,BoA Mobile,Good service.,3,2025-05-25 19:14:52,Google Play
BOA Mobile Banking,BoA Mobile,the app crush frequently,1,2025-05-24 12:24:56,Google Play
BOA Mobile Banking,BoA Mobile,good,5,2025-05-22 15:34:58,Google Play
BOA Mobile Banking,BoA Mobile,You guys keeps getting worst,1,2025-05-22 08:57:39,Google Play
BOA Mobile Banking,BoA Mobile,good,5,2025-05-21 19:16:49,Google Play
BOA Mobile Banking,BoA Mobile,"This app is a joke. It crashes more than it works, takes forever to load, and half the features are just decorative at this point. Can’t log in, can’t transfer money, can’t even check my balance without it bugging out. To the developer: Are you actually trying to make this work, or is this some kind of social experiment to test our patience? Did you build this in your sleep? Because it definitely looks like it. If this is your idea of a functional app, maybe consider a different career path🙏",1,2025-05-21 13:49:15,Google Play
BOA Mobile Banking,BoA Mobile,BoA,2,2025-05-20 15:21:55,Google Play
BOA Mobile Banking,BoA Mobile,good,5,2025-05-20 10:57:13,Google Play
BOA Mobile Banking,BoA Mobile,but not opening on android,4,2025-05-19 17:19:32,Google Play
BOA Mobile Banking,BoA Mobile,Worst App ever. Totally unreliable. And it didn't work at all for the last 4 months.,1,2025-05-18 15:36:47,Google Play
BOA Mobile Banking,BoA Mobile,amazing,5,2025-05-18 14:34:19,Google Play
BOA Mobile Banking,BoA Mobile,excellent,5,2025-05-15 15:42:43,Google Play
BOA Mobile Banking,BoA Mobile,"this app does no work on Samsung a51, it just gives a preview of the logo",1,2025-05-11 19:07:08,Google Play
BOA Mobile Banking,BoA Mobile,nice,5,2025-05-10 18:48:38,Google Play
BOA Mobile Banking,BoA Mobile,"i entered incorrect security question by mistake boa app lock pin forever, why is there no other options? ?? i contacted different branchs more then 4times but they didn't able to solve this issue .",5,2025-05-10 12:44:44,Google Play
BOA Mobile Banking,BoA Mobile,Best app,5,2025-05-09 16:12:56,Google Play
BOA Mobile Banking,BoA Mobile,liking this application good 👍,5,2025-05-07 18:34:10,Google Play
BOA Mobile Banking,BoA Mobile,"This app future is good, but there is problems with apps to reset and activate it, which is difficult even to the branch staffs, and it takes too long times to active at the branch plus most of the time high expected failure of activation after process at the counter and OTP sent not work",1,2025-05-06 18:06:33,Google Play
BOA Mobile Banking,BoA Mobile,good,5,2025-05-06 17:44:32,Google Play
BOA Mobile Banking,BoA Mobile,good,5,2025-05-02 21:50:25,Google Play
BOA Mobile Banking,BoA Mobile,good,4,2025-04-30 11:23:56,Google Play
BOA Mobile Banking,BoA Mobile,good,4,2025-04-30 10:34:17,Google Play
BOA Mobile Banking,BoA Mobile,wow,5,2025-04-28 17:51:26,Google Play
BOA Mobile Banking,BoA Mobile,it's really good 👍,5,2025-04-23 19:44:14,Google Play
BOA Mobile Banking,BoA Mobile,Bad app . it stuck when you open and noting WORKS.,1,2025-04-23 14:16:20,Google Play
BOA Mobile Banking,BoA Mobile,"the app isn't working after it asked me the password it starts loading, but it doesn't open",3,2025-04-20 21:05:21,Google Play
BOA Mobile Banking,BoA Mobile,Best,2,2025-04-19 18:38:02,Google Play
BOA Mobile Banking,BoA Mobile,It keeps showing this pop up to turn off developer options even tho it's off! I had to turn on and then off to make it work! This is a horrible experience and needs a fix asap! Plus kinda slow.,1,2025-04-19 07:15:54,Google Play
BOA Mobile Banking,BoA Mobile,yideg,1,2025-04-18 00:18:40,Google Play
BOA Mobile Banking,BoA Mobile,great boa,5,2025-04-10 14:33:26,Google Play
BOA Mobile Banking,BoA Mobile,Best,5,2025-04-10 11:53:01,Google Play
BOA Mobile Banking,BoA Mobile,boa of mobile backing,5,2025-04-09 14:32:34,Google Play
BOA Mobile Banking,BoA Mobile,nice,5,2025-04-09 04:01:08,Google Play
BOA Mobile Banking,BoA Mobile,faster bank of Abissinya,5,2025-04-08 16:36:23,Google Play
BOA Mobile Banking,BoA Mobile,i would have given it a lower if it was possible because it crush so much and it take the bank so long to fix the bug,1,2025-04-08 10:12:19,Google Play
BOA Mobile Banking,BoA Mobile,it just doesn't work...so frustrating,1,2025-04-07 18:04:17,Google Play
BOA Mobile Banking,BoA Mobile,like,5,2025-04-06 22:17:21,Google Play
BOA Mobile Banking,BoA Mobile,it's not work correctly... you must have update it,1,2025-04-06 11:01:42,Google Play
BOA Mobile Banking,BoA Mobile,"the app gets a considerable improvements like language , QR scanner and unlimited transfers survice. but BOA Please do alot on its fastness and convenient when we login and making a transactions.",5,2025-04-04 22:57:29,Google Play
BOA Mobile Banking,BoA Mobile,after i typed in my password it says successfully logged out ...and goes back to the first page,2,2025-04-04 12:38:08,Google Play
BOA Mobile Banking,BoA Mobile,good but they don't update enough don't add new things,3,2025-04-04 12:24:06,Google Play
BOA Mobile Banking,BoA Mobile,very good,5,2025-04-03 08:50:56,Google Play
BOA Mobile Banking,BoA Mobile,thank you,5,2025-04-02 03:33:00,Google Play
BOA Mobile Banking,BoA Mobile,it doesn't work period z slowest mobile banking ever i would rather use *815#,1,2025-04-01 00:27:34,Google Play
BOA Mobile Banking,BoA Mobile,"after activated the application it not allowed to sign , automatically it is turn off In my phone, why ?",1,2025-03-31 23:55:06,Google Play
BOA Mobile Banking,BoA Mobile,good application,5,2025-03-30 21:56:40,Google Play
BOA Mobile Banking,BoA Mobile,this version is not working for me I cannot even buy card. I cannot send money,1,2025-03-30 15:27:26,Google Play
BOA Mobile Banking,BoA Mobile,"It can't actively on initialization, it says incorrect OTP getting the exact OTP",1,2025-03-29 14:29:38,Google Play
BOA Mobile Banking,BoA Mobile,always problematic hardly works,1,2025-03-26 13:28:25,Google Play
BOA Mobile Banking,BoA Mobile,best app,5,2025-03-25 13:15:12,Google Play
BOA Mobile Banking,BoA Mobile,very good,5,2025-03-25 12:56:42,Google Play
BOA Mobile Banking,BoA Mobile,"worst app and Bank ever u be ashamed, scammer",1,2025-03-24 17:00:42,Google Play
BOA Mobile Banking,BoA Mobile,great BoA,5,2025-03-22 12:46:56,Google Play
BOA Mobile Banking,BoA Mobile,best,5,2025-03-21 12:32:05,Google Play
BOA Mobile Banking,BoA Mobile,i have went to the bank so many times because i couldn't make any transaction i can only see my balance nothing else so what is the point of having mobile banking if i can't make any transaction with it please work in that,1,2025-03-21 10:49:11,Google Play
BOA Mobile Banking,BoA Mobile,good,5,2025-03-21 06:06:10,Google Play
BOA Mobile Banking,BoA Mobile,good,5,2025-03-19 21:15:38,Google Play
BOA Mobile Banking,BoA Mobile,there is no speed,1,2025-03-19 19:12:01,Google Play
BOA Mobile Banking,BoA Mobile,"For anyone who wants to download it, just don't!!!",1,2025-03-19 16:02:57,Google Play
BOA Mobile Banking,BoA Mobile,wonderful,5,2025-03-19 13:58:10,Google Play
BOA Mobile Banking,BoA Mobile,all worck,5,2025-03-19 12:55:57,Google Play
BOA Mobile Banking,BoA Mobile,Loved it,5,2025-03-14 17:57:04,Google Play
BOA Mobile Banking,BoA Mobile,Wow,1,2025-03-14 03:37:53,Google Play
BOA Mobile Banking,BoA Mobile,"Edit: New bug, app not letting me type in my otp codes. Shameful Why does this app not allow me to use it while having developer options on? Did y'all consider that I might, perhaps, be an actual developer? Why am I expected to toggle the option on and off just to bank (restarting my phone when I do)? Why is the message labled as somthing that will ""smoothen"" the experience? This is like the most ""security consultant"" thing to implement in an app. Please invest in actual security, not this mess.",1,2025-03-12 22:41:25,Google Play
BOA Mobile Banking,BoA Mobile,Improved to be the best,5,2025-03-11 12:32:31,Google Play
BOA Mobile Banking,BoA Mobile,BoA,5,2025-03-11 10:51:57,Google Play
BOA Mobile Banking,BoA Mobile,"Decent, but there problems sometimes it says error When i transfer money but infact it transferred because of this bug i transferred 2 times instead of 1 and also we can't transfer money to others telebirr acc we only can to our self BOE Dev fix this !!!",3,2025-03-11 09:22:01,Google Play
BOA Mobile Banking,BoA Mobile,BoA Greqt Ethiopian bank.,5,2025-03-11 08:31:05,Google Play
BOA Mobile Banking,BoA Mobile,"The bug is still there,the app crashes every time i try to log in, especially in old phones like my Galaxy A32",1,2025-03-10 20:11:15,Google Play
BOA Mobile Banking,BoA Mobile,Almost better compared to cbe where it is not qualified for,4,2025-03-09 11:50:02,Google Play
BOA Mobile Banking,BoA Mobile,what awesome apps. it is very simple to use and more much important apps.,5,2025-03-09 11:34:30,Google Play
BOA Mobile Banking,BoA Mobile,Wonderfull app,5,2025-03-08 10:23:26,Google Play
BOA Mobile Banking,BoA Mobile,i can't use this app why?,5,2025-03-07 14:28:00,Google Play
BOA Mobile Banking,BoA Mobile,Worst mobile banking app I ever experienced I was blaming other apps but comparing with this they're too much better!!!! It clashes it takes much longer time to login while loading in short it's a complete of trash,1,2025-03-06 22:44:28,Google Play
BOA Mobile Banking,BoA Mobile,Wow,4,2025-03-05 21:58:05,Google Play
BOA Mobile Banking,BoA Mobile,bro the worst app made by human kind!! as a software engineer it make me so sad seeing enterprise as big as BOA make apps like this. it is a disgrace for our country!!,1,2025-03-05 15:03:56,Google Play
BOA Mobile Banking,BoA Mobile,AGA B Girja Miss language of admin Afaan oromo & other Itoophiyaa languages,1,2025-03-04 20:03:40,Google Play
BOA Mobile Banking,BoA Mobile,Good app,5,2025-03-03 16:47:22,Google Play
BOA Mobile Banking,BoA Mobile,"I downloaded the app for the first time while reading other customers reviews and as soon as i installed and opened the app it closes back automatically, what unserious bank, now i uninstalled the app immediately",1,2025-03-03 09:24:29,Google Play
BOA Mobile Banking,BoA Mobile,It has good features but sometimes it doesn't work...0,1,2025-03-02 17:02:17,Google Play
BOA Mobile Banking,BoA Mobile,Very poor proformance,1,2025-03-01 23:02:44,Google Play
BOA Mobile Banking,BoA Mobile,It's not opening. Really frustrating,1,2025-03-01 17:18:34,Google Play
BOA Mobile Banking,BoA Mobile,Verry Amazing App from all IB,5,2025-03-01 11:35:08,Google Play
BOA Mobile Banking,BoA Mobile,Not working on this days,1,2025-02-26 13:29:28,Google Play
BOA Mobile Banking,BoA Mobile,Thank you BoA,5,2025-02-23 11:06:47,Google Play
BOA Mobile Banking,BoA Mobile,best banking app in the wworld,5,2025-02-22 19:58:17,Google Play
BOA Mobile Banking,BoA Mobile,Nice app and it's easy to use,5,2025-02-21 12:41:42,Google Play
BOA Mobile Banking,BoA Mobile,"please add language in the apps setting(amharic afan oromo, tigniya,and others) sometimes bank to bank transfer is not available through time and even if if it is available not reachable…it is serious issue!",1,2025-02-15 18:15:50,Google Play
BOA Mobile Banking,BoA Mobile,This is help full i like ittttt,5,2025-02-14 21:09:06,Google Play
BOA Mobile Banking,BoA Mobile,The is not functional at all?,2,2025-02-12 11:31:48,Google Play
