app_name,bank,review,rating,date,source
Commercial Bank of Ethiopia,CBE Mobile Banking,incredible,5,2026-05-14,Google Play
Commercial Bank of Ethiopia,CBE Mobile Banking,best app for financial sector,5,2026-05-14,Google Play
Commercial Bank of Ethiopia,CBE Mobile Banking,it's a good application,5,2026-05-13,Google Play
Commercial Bank of Ethiopia,CBE Mobile Banking,thank you cbe,5,2026-05-13,Google Play
Commercial Bank of Ethiopia,CBE Mobile Banking,is good,5,2026-05-13,Google Play
Commercial Bank of Ethiopia,CBE Mobile Banking,wow,5,2026-05-13,Google Play
Commercial Bank of Ethiopia,CBE Mobile Banking,Good application,2,2026-05-13,Google Play
Commercial Bank of Ethiopia,CBE Mobile Banking,"Nice, but I can't get some recently transactions. please try to keep all history scrolling full visibility done.",5,2026-05-13,Google Play
Commercial Bank of Ethiopia,CBE Mobile Banking,Very Secure but very poor interface and limited history service. The new colorful version is worst. Visibility and contrast are low. It is just my idea.,1,2026-05-13,Google Play
Commercial Bank of Ethiopia,CBE Mobile Banking,very nice 100%,5,2026-05-13,Google Play
Commercial Bank of Ethiopia,CBE Mobile Banking,good,5,2026-05-12,Google Play
Commercial Bank of Ethiopia,CBE Mobile Banking,Good to use,5,2026-05-12,Google Play
Commercial Bank of Ethiopia,CBE Mobile Banking,cbe,1,2026-05-12,Google Play
Commercial Bank of Ethiopia,CBE Mobile Banking,Cbe,4,2026-05-11,Google Play
Commercial Bank of Ethiopia,CBE Mobile Banking,best and secured,5,2026-05-11,Google Play
Commercial Bank of Ethiopia,CBE Mobile Banking,best,5,2026-05-11,Google Play
Commercial Bank of Ethiopia,CBE Mobile Banking,good,5,2026-05-10,Google Play
Commercial Bank of Ethiopia,CBE Mobile Banking,why is my transaction fee hidden? Why doesn't the app show some of the transaction fees before. eg vat 15% show it togather before confirmation not after it feels like a scam.,3,2026-05-10,Google Play
Commercial Bank of Ethiopia,CBE Mobile Banking,Gal✅😶‍🌫️,1,2026-05-10,Google Play
Commercial Bank of Ethiopia,CBE Mobile Banking,posetive,5,2026-05-10,Google Play
Commercial Bank of Ethiopia,CBE Mobile Banking,እ. በ. ጥ. ነው,5,2026-05-10,Google Play
Commercial Bank of Ethiopia,CBE Mobile Banking,good,5,2026-05-09,Google Play
Commercial Bank of Ethiopia,CBE Mobile Banking,It is usefull app,5,2026-05-09,Google Play
Commercial Bank of Ethiopia,CBE Mobile Banking,this app is so functional for airtime for wallet and,5,2026-05-09,Google Play
Commercial Bank of Ethiopia,CBE Mobile Banking,very amazing app,5,2026-05-09,Google Play
Commercial Bank of Ethiopia,CBE Mobile Banking,excellent service,5,2026-05-09,Google Play
Commercial Bank of Ethiopia,CBE Mobile Banking,There is a a problem when updating the app,3,2026-05-09,Google Play
Commercial Bank of Ethiopia,CBE Mobile Banking,Cbe,3,2026-05-09,Google Play
Commercial Bank of Ethiopia,CBE Mobile Banking,smart app,4,2026-05-08,Google Play
Commercial Bank of Ethiopia,CBE Mobile Banking,best,5,2026-05-08,Google Play
Commercial Bank of Ethiopia,CBE Mobile Banking,"Internet Based mobile app for CBEBirr A Internet Based mobile app for CBEBirr. With the new Internet based CBEBirr Mobile App you can make every operations applicable via the USSD version of CBEBirr. This app version is the latest version branded as CBEBirr Plus, CBEBirr+, CBE Birr +, or CBE Birr plus.",1,2026-05-08,Google Play
Commercial Bank of Ethiopia,CBE Mobile Banking,CBE it's my excellent choice,5,2026-05-08,Google Play
Commercial Bank of Ethiopia,CBE Mobile Banking,Good,5,2026-05-08,Google Play
Commercial Bank of Ethiopia,CBE Mobile Banking,fast and time saving...,5,2026-05-08,Google Play
Commercial Bank of Ethiopia,CBE Mobile Banking,yesisgood,5,2026-05-07,Google Play
Commercial Bank of Ethiopia,CBE Mobile Banking,so good,5,2026-05-07,Google Play
Commercial Bank of Ethiopia,CBE Mobile Banking,"The app is getting worse and worse after every ""update"". The UI is inconsistent, you haven't fixed the issue with Mpesa wallet transfer ( the ""begin 0, end 1, length 0"" error after ever transfer attempt) ; now the tellbirr transfer raises ""Bucket override O-10094"" error. Test your work FULLY before release.",3,2026-05-07,Google Play
Commercial Bank of Ethiopia,CBE Mobile Banking,iam happy excellent app,5,2026-05-07,Google Play
Commercial Bank of Ethiopia,CBE Mobile Banking,is not work properly !!,3,2026-05-06,Google Play
Commercial Bank of Ethiopia,CBE Mobile Banking,አሪፍ አፕ ነው ገራሚ ሁኖ አግኝቼዋለሁ,5,2026-05-06,Google Play
Commercial Bank of Ethiopia,CBE Mobile Banking,When I update this app there isn't working,1,2026-05-06,Google Play
Commercial Bank of Ethiopia,CBE Mobile Banking,thanks you so much 👍 okay I am going to be like in,5,2026-05-05,Google Play
Commercial Bank of Ethiopia,CBE Mobile Banking,Best ever,1,2026-05-05,Google Play
Commercial Bank of Ethiopia,CBE Mobile Banking,features በጣም ወድጄዋለሁ ነገር ግን አንድ ችግር አይቼዋለሁ ።APPU DELETE በሆነ ጊዜ ቅርንጫፍ ማመላለሱና MB APPLICATION FORMAT ላይ በየጊዜው መፈረሙ አንድ ለባንኩ ወጪ ነው ሁለት ለደንበኞች Inconvenience ይፈጥራል አስተካክሉ,4,2026-05-05,Google Play
Commercial Bank of Ethiopia,CBE Mobile Banking,best,5,2026-05-05,Google Play
Commercial Bank of Ethiopia,CBE Mobile Banking,goood g,5,2026-05-05,Google Play
Commercial Bank of Ethiopia,CBE Mobile Banking,I like so much,5,2026-05-05,Google Play
Commercial Bank of Ethiopia,CBE Mobile Banking,This app has never been efficient at all,1,2026-05-04,Google Play
Commercial Bank of Ethiopia,CBE Mobile Banking,nice app.,5,2026-05-04,Google Play
Commercial Bank of Ethiopia,CBE Mobile Banking,"While the option to create or cancel standing orders has been added, it is not functional. Similarly, adding a new beneficiary is also not working. Please fix.",2,2026-05-04,Google Play
Commercial Bank of Ethiopia,CBE Mobile Banking,Wonderful App ❤️❤️❤️ I love it,5,2026-05-04,Google Play
Commercial Bank of Ethiopia,CBE Mobile Banking,i like it,5,2026-05-04,Google Play
Commercial Bank of Ethiopia,CBE Mobile Banking,best,4,2026-05-04,Google Play
Commercial Bank of Ethiopia,CBE Mobile Banking,vary good app,5,2026-05-04,Google Play
Commercial Bank of Ethiopia,CBE Mobile Banking,good,5,2026-05-04,Google Play
Commercial Bank of Ethiopia,CBE Mobile Banking,nice,5,2026-05-03,Google Play
Commercial Bank of Ethiopia,CBE Mobile Banking,easy to use but hard to find easily,4,2026-05-03,Google Play
Commercial Bank of Ethiopia,CBE Mobile Banking,fixed problem,4,2026-05-03,Google Play
Commercial Bank of Ethiopia,CBE Mobile Banking,በእውነት የሚገርም app ነው ነገሮችን ሁሉ ቀለል ያደርጋል,5,2026-05-03,Google Play
Commercial Bank of Ethiopia,CBE Mobile Banking,good,5,2026-05-03,Google Play
Commercial Bank of Ethiopia,CBE Mobile Banking,good,3,2026-05-03,Google Play
Commercial Bank of Ethiopia,CBE Mobile Banking,best app,5,2026-05-03,Google Play
Commercial Bank of Ethiopia,CBE Mobile Banking,Good Application,5,2026-05-02,Google Play
Commercial Bank of Ethiopia,CBE Mobile Banking,Good app,1,2026-05-02,Google Play
Commercial Bank of Ethiopia,CBE Mobile Banking,መስተካከል አለብት ብዩ አስታየት የም ሰጠው አካውንንት በስም ሲፈለግ mr ብሎ ቀጣይ ስም ለመፃፍ እስፔስም አይፈቅድ ቀጣዩ ፊደልም ሲፃፍ አይፅፍም ይሄ ቢስተካከል ይበልጥ ቀላል የረገዋል ብዩ አስበለው,4,2026-05-02,Google Play
Commercial Bank of Ethiopia,CBE Mobile Banking,why it alaways asked me to update every second when I log in.,1,2026-05-01,Google Play
Commercial Bank of Ethiopia,CBE Mobile Banking,pls update my cbe mobile banking,5,2026-05-01,Google Play
Commercial Bank of Ethiopia,CBE Mobile Banking,good,5,2026-05-01,Google Play
Commercial Bank of Ethiopia,CBE Mobile Banking,"Easy, secure and user friend",5,2026-05-01,Google Play
Commercial Bank of Ethiopia,CBE Mobile Banking,nice,5,2026-05-01,Google Play
Commercial Bank of Ethiopia,CBE Mobile Banking,hiote tegayede,5,2026-05-01,Google Play
Commercial Bank of Ethiopia,CBE Mobile Banking,misraqe,1,2026-04-30,Google Play
Commercial Bank of Ethiopia,CBE Mobile Banking,excellent app,5,2026-04-30,Google Play
Commercial Bank of Ethiopia,CBE Mobile Banking,usefull app,5,2026-04-30,Google Play
Commercial Bank of Ethiopia,CBE Mobile Banking,nice bank,4,2026-04-30,Google Play
Commercial Bank of Ethiopia,CBE Mobile Banking,good 👍,5,2026-04-30,Google Play
Commercial Bank of Ethiopia,CBE Mobile Banking,it's no functional problem,5,2026-04-30,Google Play
Commercial Bank of Ethiopia,CBE Mobile Banking,Tamam Yunus Guddata,5,2026-04-30,Google Play
Commercial Bank of Ethiopia,CBE Mobile Banking,good,5,2026-04-30,Google Play
Commercial Bank of Ethiopia,CBE Mobile Banking,It's not working after the update it doesn't open at all,1,2026-04-30,Google Play
Commercial Bank of Ethiopia,CBE Mobile Banking,nice,5,2026-04-29,Google Play
Commercial Bank of Ethiopia,CBE Mobile Banking,excellent app,5,2026-04-29,Google Play
Commercial Bank of Ethiopia,CBE Mobile Banking,Good,5,2026-04-29,Google Play
Commercial Bank of Ethiopia,CBE Mobile Banking,CBE not compare to others,5,2026-04-29,Google Play
Commercial Bank of Ethiopia,CBE Mobile Banking,good,5,2026-04-29,Google Play
Commercial Bank of Ethiopia,CBE Mobile Banking,good,3,2026-04-29,Google Play
Commercial Bank of Ethiopia,CBE Mobile Banking,nice app thanks,5,2026-04-29,Google Play
Commercial Bank of Ethiopia,CBE Mobile Banking,Great,5,2026-04-29,Google Play
Commercial Bank of Ethiopia,CBE Mobile Banking,good service,5,2026-04-29,Google Play
Commercial Bank of Ethiopia,CBE Mobile Banking,"It is so good,and easy to use.",5,2026-04-28,Google Play
Commercial Bank of Ethiopia,CBE Mobile Banking,great app,5,2026-04-28,Google Play
Commercial Bank of Ethiopia,CBE Mobile Banking,update is not downgrade. its literally not working,1,2026-04-28,Google Play
Commercial Bank of Ethiopia,CBE Mobile Banking,Please consider optimizing the app for Huawei Mobile Services (HMS). It doesn't work after the update.,1,2026-04-28,Google Play
Commercial Bank of Ethiopia,CBE Mobile Banking,please use the cute ui as a professional developer,3,2026-04-28,Google Play
Commercial Bank of Ethiopia,CBE Mobile Banking,Daily Of the day Transfer Limit Restriction If there wasn't If it didn't have Very Extremely Happy We would be.,4,2026-04-28,Google Play
Commercial Bank of Ethiopia,CBE Mobile Banking,best,5,2026-04-28,Google Play
Commercial Bank of Ethiopia,CBE Mobile Banking,Amazing,5,2026-04-28,Google Play
Commercial Bank of Ethiopia,CBE Mobile Banking,it's better than before,4,2026-04-28,Google Play
Commercial Bank of Ethiopia,CBE Mobile Banking,worst apk for a big bank,1,2026-04-28,Google Play
Commercial Bank of Ethiopia,CBE Mobile Banking,doesn't work properly with safaricom network.,1,2026-04-28,Google Play
Commercial Bank of Ethiopia,CBE Mobile Banking,"The app forcefully made me an update, since then every time I try to make a payment it keeps bugging and failing non stop. please fix that . this is a big company not a start up .",1,2026-04-28,Google Play
Commercial Bank of Ethiopia,CBE Mobile Banking,good,5,2026-04-28,Google Play
Commercial Bank of Ethiopia,CBE Mobile Banking,I found that when i am using safaricom network the app keeps crashing a lot and not working and as soon as i change the network it will work smoothly so make is a lot compatible with the safaricom network service.,3,2026-04-28,Google Play
Commercial Bank of Ethiopia,CBE Mobile Banking,go ahead,5,2026-04-28,Google Play
Commercial Bank of Ethiopia,CBE Mobile Banking,nice,5,2026-04-27,Google Play
Commercial Bank of Ethiopia,CBE Mobile Banking,i like it,5,2026-04-27,Google Play
Commercial Bank of Ethiopia,CBE Mobile Banking,Good,5,2026-04-27,Google Play
Commercial Bank of Ethiopia,CBE Mobile Banking,cbe mobile app best app,5,2026-04-27,Google Play
Commercial Bank of Ethiopia,CBE Mobile Banking,"easy for use,and good privacy",4,2026-04-27,Google Play
Commercial Bank of Ethiopia,CBE Mobile Banking,amazing,5,2026-04-27,Google Play
Commercial Bank of Ethiopia,CBE Mobile Banking,i really judged this app. 99% were profit exclusive for others only with organization benefit.,1,2026-04-27,Google Play
Commercial Bank of Ethiopia,CBE Mobile Banking,unable to use it is not performed well,1,2026-04-27,Google Play
Commercial Bank of Ethiopia,CBE Mobile Banking,ወከቀቀ,5,2026-04-26,Google Play
Commercial Bank of Ethiopia,CBE Mobile Banking,Nice,5,2026-04-26,Google Play
Commercial Bank of Ethiopia,CBE Mobile Banking,This app is very good and helpful I am Happy working with cbe mobile banking tanx all members and I am ready invite all my family and friends ❤️,5,2026-04-26,Google Play
Commercial Bank of Ethiopia,CBE Mobile Banking,Samsung A-5360 is not my device and i did not opened by this,5,2026-04-26,Google Play
Commercial Bank of Ethiopia,CBE Mobile Banking,notwork totransferto other,1,2026-04-26,Google Play
Commercial Bank of Ethiopia,CBE Mobile Banking,good,5,2026-04-26,Google Play
Commercial Bank of Ethiopia,CBE Mobile Banking,የCommercial Bank of Ethiopia ሞባይል ባንኪንግ አገልግሎት በአጠቃላይ ጠቃሚ ነው፣ ግን አንድ ችግር አጋጥሞኛል። የሂሳብ ቁጥር በምናስገባበት ሳጥን ላይ “Mr” ወይም “Mrs” ከሚለው ቀጥሎ ያለውን ስም ለማስገባት ስፔስ (space) መጠቀም አይቻልም። ይህ ተጠቃሚዎችን ስም ትክክለኛ ለማስገባት እንዲቸገሩ ያደርጋል። እባክዎ በዚህ ክፍል ስፔስ መጠቀም እንዲቻል ወይም የስም መሙያ ስርዓቱን እንዲሻሻል ቢያደርጉ በጣም ጥሩ ይሆናል።,4,2026-04-26,Google Play
Commercial Bank of Ethiopia,CBE Mobile Banking,🫶👍🙏,5,2026-04-26,Google Play
Commercial Bank of Ethiopia,CBE Mobile Banking,good,5,2026-04-25,Google Play
Commercial Bank of Ethiopia,CBE Mobile Banking,I am very comfortable because we can easily access various transfer services that we used to have to go to the bank.,5,2026-04-25,Google Play
Commercial Bank of Ethiopia,CBE Mobile Banking,good app,5,2026-04-25,Google Play
Commercial Bank of Ethiopia,CBE Mobile Banking,i am so happy,5,2026-04-25,Google Play
Commercial Bank of Ethiopia,CBE Mobile Banking,The recent update is trash. I couldn't refresh the page. It's not even trying to sync. Please fix the bug and release a clean version.,1,2026-04-25,Google Play
Commercial Bank of Ethiopia,CBE Mobile Banking,good job,5,2026-04-25,Google Play
Commercial Bank of Ethiopia,CBE Mobile Banking,I'm from Ethiopia and proud of CBE service app.,5,2026-04-25,Google Play
Commercial Bank of Ethiopia,CBE Mobile Banking,I am successful with app,5,2026-04-25,Google Play
Commercial Bank of Ethiopia,CBE Mobile Banking,everything is boaring the previous one is good,1,2026-04-25,Google Play
Commercial Bank of Ethiopia,CBE Mobile Banking,best,5,2026-04-25,Google Play
Commercial Bank of Ethiopia,CBE Mobile Banking,good,5,2026-04-24,Google Play
Commercial Bank of Ethiopia,CBE Mobile Banking,good app but it needs more languages do it with more than four languages,5,2026-04-24,Google Play
Commercial Bank of Ethiopia,CBE Mobile Banking,good work,5,2026-04-24,Google Play
Commercial Bank of Ethiopia,CBE Mobile Banking,wow app.The developers make improvements every time.,5,2026-04-24,Google Play
Commercial Bank of Ethiopia,CBE Mobile Banking,nice and perfect,5,2026-04-24,Google Play
Commercial Bank of Ethiopia,CBE Mobile Banking,best experience,5,2026-04-24,Google Play
Commercial Bank of Ethiopia,CBE Mobile Banking,the best,5,2026-04-24,Google Play
Commercial Bank of Ethiopia,CBE Mobile Banking,What's wrong after i update the app unable to open,1,2026-04-24,Google Play
Commercial Bank of Ethiopia,CBE Mobile Banking,nice,5,2026-04-24,Google Play
Commercial Bank of Ethiopia,CBE Mobile Banking,👍👍it is good. pls Hide the amount that appear on the top when we need to transfer🙏,1,2026-04-24,Google Play
Commercial Bank of Ethiopia,CBE Mobile Banking,not sure at the moment,3,2026-04-24,Google Play
Commercial Bank of Ethiopia,CBE Mobile Banking,Good,5,2026-04-24,Google Play
Commercial Bank of Ethiopia,CBE Mobile Banking,it's the best app i have every seen it is fast and securty,5,2026-04-24,Google Play
Commercial Bank of Ethiopia,CBE Mobile Banking,Useful apps,5,2026-04-24,Google Play
Commercial Bank of Ethiopia,CBE Mobile Banking,easy to use,5,2026-04-24,Google Play
Commercial Bank of Ethiopia,CBE Mobile Banking,waw,4,2026-04-24,Google Play
Commercial Bank of Ethiopia,CBE Mobile Banking,"This app used to work well, but now it constantly shows an error saying it can’t load my accounts and tells me to visit a branch. I’m not even in the country, so that’s not possible. The app has frequent issues and needs better reliability and remote support options.",2,2026-04-24,Google Play
Commercial Bank of Ethiopia,CBE Mobile Banking,Very good,5,2026-04-23,Google Play
Commercial Bank of Ethiopia,CBE Mobile Banking,አዲሱ ገጽታው በጣም ያስጠላል። ለአይን ይከብዳል። ወደነበረበት ብትመልሱት።,1,2026-04-23,Google Play
Commercial Bank of Ethiopia,CBE Mobile Banking,I like it but sometimes there is a system error,4,2026-04-23,Google Play
Commercial Bank of Ethiopia,CBE Mobile Banking,good,5,2026-04-23,Google Play
Commercial Bank of Ethiopia,CBE Mobile Banking,"the app keeps asking for update, even after being updated",3,2026-04-23,Google Play
Commercial Bank of Ethiopia,CBE Mobile Banking,"This application was not that great, and its performance has unfortunately declined further. For the past week, I have been unable to access my balance or transfer funds. This situation is causing considerable concern and inconvenience, as I cannot access my money in a timely manner. This has resulted in late payments and a loss of confidence and trust. Furthermore, I have not received a response to my message to the customer support team",1,2026-04-23,Google Play
Commercial Bank of Ethiopia,CBE Mobile Banking,like,5,2026-04-23,Google Play
Commercial Bank of Ethiopia,CBE Mobile Banking,Good !,3,2026-04-23,Google Play
Commercial Bank of Ethiopia,CBE Mobile Banking,very good cbe app,5,2026-04-23,Google Play
Commercial Bank of Ethiopia,CBE Mobile Banking,tel birr,5,2026-04-23,Google Play
Commercial Bank of Ethiopia,CBE Mobile Banking,halaba kuleto,5,2026-04-23,Google Play
Commercial Bank of Ethiopia,CBE Mobile Banking,best app ever,5,2026-04-23,Google Play
Commercial Bank of Ethiopia,CBE Mobile Banking,it's good app for ease of access mobile banking transaction and use our time properly!,5,2026-04-22,Google Play
Commercial Bank of Ethiopia,CBE Mobile Banking,"pls make an option fingerprint Biometric payment only, it's fast and secure to pay",4,2026-04-22,Google Play
Commercial Bank of Ethiopia,CBE Mobile Banking,በጣም ቀላልና ፈጣን ለመጠቀም ወድጀዋለሁ,5,2026-04-22,Google Play
Commercial Bank of Ethiopia,CBE Mobile Banking,I love this up to much eollahi,5,2026-04-22,Google Play
Commercial Bank of Ethiopia,CBE Mobile Banking,I hope this bank have excellent Mobile app but still not easy and not working in holidays why,4,2026-04-22,Google Play
Commercial Bank of Ethiopia,CBE Mobile Banking,best,5,2026-04-22,Google Play
Commercial Bank of Ethiopia,CBE Mobile Banking,"It's a great, easy-to-use, very convenient and secure app.",5,2026-04-22,Google Play
Commercial Bank of Ethiopia,CBE Mobile Banking,Good Job,5,2026-04-22,Google Play
Commercial Bank of Ethiopia,CBE Mobile Banking,Best app.,5,2026-04-22,Google Play
Commercial Bank of Ethiopia,CBE Mobile Banking,it's so use full and secure 👍💪👌,5,2026-04-22,Google Play
Commercial Bank of Ethiopia,CBE Mobile Banking,"there should be atm voucher access included , and also the app crash sometimes .",1,2026-04-22,Google Play
Commercial Bank of Ethiopia,CBE Mobile Banking,"The app has some issues we need to have a place where we save our contacts where we usually send money to, after update I keep loosing all the important accounts.Also user needs to configure their notification types we want to receive either by email ,SMS or both. right now I don't get any notifications when I receive funds from companies.",1,2026-04-22,Google Play
Commercial Bank of Ethiopia,CBE Mobile Banking,after the the recent update the app not responding. even transfer to telebirr isn't working.,1,2026-04-22,Google Play
Commercial Bank of Ethiopia,CBE Mobile Banking,Need more additional future include for now it's not bad,1,2026-04-22,Google Play
Commercial Bank of Ethiopia,CBE Mobile Banking,I don't like. I can't make transfer to my own telebirr,1,2026-04-22,Google Play
Commercial Bank of Ethiopia,CBE Mobile Banking,lag and stack not quick response 😞😞,2,2026-04-22,Google Play
Commercial Bank of Ethiopia,CBE Mobile Banking,it good. to get services,5,2026-04-22,Google Play
Commercial Bank of Ethiopia,CBE Mobile Banking,good,5,2026-04-22,Google Play
Commercial Bank of Ethiopia,CBE Mobile Banking,Number One App,5,2026-04-22,Google Play
Commercial Bank of Ethiopia,CBE Mobile Banking,is good,5,2026-04-22,Google Play
Commercial Bank of Ethiopia,CBE Mobile Banking,this secure app of all Ethiopia mobile banking ever.,5,2026-04-22,Google Play
Commercial Bank of Ethiopia,CBE Mobile Banking,perfect app,5,2026-04-22,Google Play
Commercial Bank of Ethiopia,CBE Mobile Banking,owww cbe,5,2026-04-22,Google Play
Commercial Bank of Ethiopia,CBE Mobile Banking,"Very secured, fast and favourable",5,2026-04-22,Google Play
Commercial Bank of Ethiopia,CBE Mobile Banking,very nice 👌,5,2026-04-21,Google Play
Commercial Bank of Ethiopia,CBE Mobile Banking,اليش يتعخر معرف والله,5,2026-04-21,Google Play
Commercial Bank of Ethiopia,CBE Mobile Banking,good application 💯💯💯.,5,2026-04-21,Google Play
Commercial Bank of Ethiopia,CBE Mobile Banking,best,5,2026-04-21,Google Play
Commercial Bank of Ethiopia,CBE Mobile Banking,good app,5,2026-04-21,Google Play
Commercial Bank of Ethiopia,CBE Mobile Banking,good,4,2026-04-21,Google Play
Commercial Bank of Ethiopia,CBE Mobile Banking,Nice App,5,2026-04-21,Google Play
Commercial Bank of Ethiopia,CBE Mobile Banking,it cost us a lot just by transfer and in other way not fair,1,2026-04-21,Google Play
Commercial Bank of Ethiopia,CBE Mobile Banking,Great app,5,2026-04-21,Google Play
Commercial Bank of Ethiopia,CBE Mobile Banking,Interesting app,5,2026-04-21,Google Play
Commercial Bank of Ethiopia,CBE Mobile Banking,"i didn't get feed back through message ,Why so?",5,2026-04-21,Google Play
Commercial Bank of Ethiopia,CBE Mobile Banking,good and fast,5,2026-04-21,Google Play
Commercial Bank of Ethiopia,CBE Mobile Banking,"v, good",5,2026-04-21,Google Play
Commercial Bank of Ethiopia,CBE Mobile Banking,very bad experience as its very slow,1,2026-04-20,Google Play
Commercial Bank of Ethiopia,CBE Mobile Banking,i luv it,5,2026-04-20,Google Play
Commercial Bank of Ethiopia,CBE Mobile Banking,Good&fast,5,2026-04-20,Google Play
Commercial Bank of Ethiopia,CBE Mobile Banking,good,5,2026-04-20,Google Play
Commercial Bank of Ethiopia,CBE Mobile Banking,good,5,2026-04-19,Google Play
Commercial Bank of Ethiopia,CBE Mobile Banking,የጣት አሻራ አገልግሎት አላገኘሁም። አጠቃቀሙ ጠፍቶኝ ይሆን?,4,2026-04-19,Google Play
Commercial Bank of Ethiopia,CBE Mobile Banking,good,4,2026-04-19,Google Play
Commercial Bank of Ethiopia,CBE Mobile Banking,Rtgs limit very small,3,2026-04-19,Google Play
Commercial Bank of Ethiopia,CBE Mobile Banking,"Trasaction history not sorted in time basis, besides the hilight transaction and its details which is found by clicking the highht transaction are diffrent. Generally, the tansaction history page has a critical problem",3,2026-04-19,Google Play
Commercial Bank of Ethiopia,CBE Mobile Banking,good job,5,2026-04-19,Google Play
Commercial Bank of Ethiopia,CBE Mobile Banking,best bank for Android application form market place and key number,5,2026-04-19,Google Play
Commercial Bank of Ethiopia,CBE Mobile Banking,i like cbe service,5,2026-04-19,Google Play
Commercial Bank of Ethiopia,CBE Mobile Banking,አሪፍ ነው,4,2026-04-18,Google Play
Commercial Bank of Ethiopia,CBE Mobile Banking,it is the best application in the Ethiopia I like it this,5,2026-04-18,Google Play
Commercial Bank of Ethiopia,CBE Mobile Banking,super spp,5,2026-04-18,Google Play
Commercial Bank of Ethiopia,CBE Mobile Banking,I have 1 year and thank you for yo ur genuine service,5,2026-04-18,Google Play
Commercial Bank of Ethiopia,CBE Mobile Banking,ካየህዋቸው ተመሳሳይ መተግበርያዎች በጣም ጥሩ መተግበርያ ነው,4,2026-04-18,Google Play
Commercial Bank of Ethiopia,CBE Mobile Banking,excellent,5,2026-04-18,Google Play
Commercial Bank of Ethiopia,CBE Mobile Banking,Excellent,5,2026-04-18,Google Play
Commercial Bank of Ethiopia,CBE Mobile Banking,"im having a terrible experience with this app, im getting 'unable to connect' error, this happened for a while now and they didnt fix it, it is so unreliable in times i need it that i have to resort to using ussd code instead of it. please fix this issue",1,2026-04-17,Google Play
Commercial Bank of Ethiopia,CBE Mobile Banking,Absolute garbage,1,2026-04-17,Google Play
Commercial Bank of Ethiopia,CBE Mobile Banking,CBE does not offer anything international.,3,2026-04-17,Google Play
Commercial Bank of Ethiopia,CBE Mobile Banking,korsa,5,2026-04-17,Google Play
Commercial Bank of Ethiopia,CBE Mobile Banking,its good,5,2026-04-17,Google Play
Commercial Bank of Ethiopia,CBE Mobile Banking,very nice app,5,2026-04-16,Google Play
Commercial Bank of Ethiopia,CBE Mobile Banking,nice app,5,2026-04-16,Google Play
Commercial Bank of Ethiopia,CBE Mobile Banking,it looks fantasy,5,2026-04-16,Google Play
Commercial Bank of Ethiopia,CBE Mobile Banking,it's best app to use recently and upgraded day to day for internationalization,5,2026-04-16,Google Play
Commercial Bank of Ethiopia,CBE Mobile Banking,it is more convenient app,5,2026-04-16,Google Play
Commercial Bank of Ethiopia,CBE Mobile Banking,gooooodddd.....,5,2026-04-15,Google Play
Commercial Bank of Ethiopia,CBE Mobile Banking,This is app is not fast and not working well in all android phone. eg it is not functioning well using one plus phone.,1,2026-04-15,Google Play
Commercial Bank of Ethiopia,CBE Mobile Banking,Factory reset made me to lose my pin to login to my account!,5,2026-04-15,Google Play
Commercial Bank of Ethiopia,CBE Mobile Banking,keeps on saying bucket override when I try to pay henon school fee,2,2026-04-15,Google Play
Commercial Bank of Ethiopia,CBE Mobile Banking,"life longe bank CBE , Save & change your life.",5,2026-04-15,Google Play
Commercial Bank of Ethiopia,CBE Mobile Banking,good,5,2026-04-15,Google Play
Commercial Bank of Ethiopia,CBE Mobile Banking,does not working well,5,2026-04-15,Google Play
Commercial Bank of Ethiopia,CBE Mobile Banking,it's v good app sometimes there is a problem on other bank transfers,4,2026-04-15,Google Play
Commercial Bank of Ethiopia,CBE Mobile Banking,pls speedup for quick uses,5,2026-04-14,Google Play
Commercial Bank of Ethiopia,CBE Mobile Banking,"before, it was nice. now it does not work and crash automatically",2,2026-04-14,Google Play
Commercial Bank of Ethiopia,CBE Mobile Banking,Pls facilitate transfer to telebirr agent,3,2026-04-14,Google Play
Commercial Bank of Ethiopia,CBE Mobile Banking,sestemaa siresun osoo manaa banki hindemne namnii barbade national id isa fayadamee osoo banachun danda'ame bayye nammati tola live event qabate,3,2026-04-13,Google Play
Commercial Bank of Ethiopia,CBE Mobile Banking,I customer for commercial bank of Ethiopia I trade,5,2026-04-13,Google Play
Commercial Bank of Ethiopia,CBE Mobile Banking,it's has an issue,1,2026-04-13,Google Play
Commercial Bank of Ethiopia,CBE Mobile Banking,good,5,2026-04-13,Google Play
Commercial Bank of Ethiopia,CBE Mobile Banking,nice,5,2026-04-13,Google Play
Commercial Bank of Ethiopia,CBE Mobile Banking,accessibility need to be taken seriously. There are people excluded because of inaccessible apps.,3,2026-04-13,Google Play
Commercial Bank of Ethiopia,CBE Mobile Banking,"This application was not that great, and its performance has unfortunately declined further. For the past week, I have been unable to access my balance or transfer funds. This situation is causing considerable concern and inconvenience, as I cannot access my money in a timely manner. This has resulted in late payments and a loss of confidence and trust. Furthermore, I have not received a response to my message to the customer support team.",1,2026-04-12,Google Play
Commercial Bank of Ethiopia,CBE Mobile Banking,I can't download this app please assist how it can be downloaded,1,2026-04-12,Google Play
Commercial Bank of Ethiopia,CBE Mobile Banking,"my favorite so far, but, how come we are not able to download the app and fix our problem ourselves? it is not fair to go to the bank and fix it for you? please think about it. Thank you",5,2026-04-11,Google Play
Commercial Bank of Ethiopia,CBE Mobile Banking,lulit tukka giro,5,2026-04-11,Google Play
Commercial Bank of Ethiopia,CBE Mobile Banking,Enough good even it hasn't transferring for other telebirr users,5,2026-04-11,Google Play
Commercial Bank of Ethiopia,CBE Mobile Banking,not good not bad.,3,2026-04-11,Google Play
Commercial Bank of Ethiopia,CBE Mobile Banking,easy fast helpful for our business,5,2026-04-11,Google Play
Commercial Bank of Ethiopia,CBE Mobile Banking,good,5,2026-04-11,Google Play
Commercial Bank of Ethiopia,CBE Mobile Banking,bad strresing,1,2026-04-11,Google Play
Commercial Bank of Ethiopia,CBE Mobile Banking,cool,5,2026-04-11,Google Play
Commercial Bank of Ethiopia,CBE Mobile Banking,100%100 Fast and Amazing app !! 🏆🏆🏆🏆🏆🏆🏆🏆 💞🌷🇪🇹,5,2026-04-10,Google Play
Commercial Bank of Ethiopia,CBE Mobile Banking,Not that happy at this app,3,2026-04-10,Google Play
Commercial Bank of Ethiopia,CBE Mobile Banking,Best,5,2026-04-10,Google Play
Commercial Bank of Ethiopia,CBE Mobile Banking,crush alot,1,2026-04-10,Google Play
Commercial Bank of Ethiopia,CBE Mobile Banking,itii fayadamaa namaa fayadaa kuniin,5,2026-04-10,Google Play
Commercial Bank of Ethiopia,CBE Mobile Banking,good app,5,2026-04-09,Google Play
Commercial Bank of Ethiopia,CBE Mobile Banking,good,5,2026-04-09,Google Play
Commercial Bank of Ethiopia,CBE Mobile Banking,Musxafaa,5,2026-04-09,Google Play
Commercial Bank of Ethiopia,CBE Mobile Banking,well expriences,5,2026-04-09,Google Play
Commercial Bank of Ethiopia,CBE Mobile Banking,great 👍,5,2026-04-09,Google Play
Commercial Bank of Ethiopia,CBE Mobile Banking,I had good time with CBE,5,2026-04-09,Google Play
Commercial Bank of Ethiopia,CBE Mobile Banking,crashes every time you need to update this app ASAP.. i will be changing bank if tjis continues,1,2026-04-09,Google Play
Commercial Bank of Ethiopia,CBE Mobile Banking,Good,5,2026-04-09,Google Play
Commercial Bank of Ethiopia,CBE Mobile Banking,easy and fast,5,2026-04-08,Google Play
Commercial Bank of Ethiopia,CBE Mobile Banking,very nice,5,2026-04-08,Google Play
Commercial Bank of Ethiopia,CBE Mobile Banking,its good,5,2026-04-08,Google Play
Commercial Bank of Ethiopia,CBE Mobile Banking,this app is very good,5,2026-04-08,Google Play
Commercial Bank of Ethiopia,CBE Mobile Banking,በጣም ጥሩ ነው,4,2026-04-08,Google Play
Commercial Bank of Ethiopia,CBE Mobile Banking,deduction but no transaction. not good,3,2026-04-08,Google Play
Commercial Bank of Ethiopia,CBE Mobile Banking,Easy to use and reliable.,5,2026-04-07,Google Play
Commercial Bank of Ethiopia,CBE Mobile Banking,difficult to see our transactions after aweek,1,2026-04-07,Google Play
Commercial Bank of Ethiopia,CBE Mobile Banking,nice,1,2026-04-07,Google Play
Commercial Bank of Ethiopia,CBE Mobile Banking,Good bank,5,2026-04-07,Google Play
Commercial Bank of Ethiopia,CBE Mobile Banking,swift,5,2026-04-07,Google Play
Commercial Bank of Ethiopia,CBE Mobile Banking,best,5,2026-04-07,Google Play
Commercial Bank of Ethiopia,CBE Mobile Banking,it is wel,5,2026-04-07,Google Play
Commercial Bank of Ethiopia,CBE Mobile Banking,nice,4,2026-04-06,Google Play
Commercial Bank of Ethiopia,CBE Mobile Banking,fully functional greate application it makes payment and transaction easier,5,2026-04-06,Google Play
Commercial Bank of Ethiopia,CBE Mobile Banking,it's best for everyone,5,2026-04-06,Google Play
Commercial Bank of Ethiopia,CBE Mobile Banking,good,5,2026-04-06,Google Play
Commercial Bank of Ethiopia,CBE Mobile Banking,good jobs,5,2026-04-06,Google Play
Commercial Bank of Ethiopia,CBE Mobile Banking,am happy using it.But why does it need continuous updates?,5,2026-04-06,Google Play
Commercial Bank of Ethiopia,CBE Mobile Banking,Good job,5,2026-04-06,Google Play
Commercial Bank of Ethiopia,CBE Mobile Banking,good,5,2026-04-05,Google Play
Commercial Bank of Ethiopia,CBE Mobile Banking,good,3,2026-04-05,Google Play
Commercial Bank of Ethiopia,CBE Mobile Banking,wow,5,2026-04-05,Google Play
Commercial Bank of Ethiopia,CBE Mobile Banking,good 👍,5,2026-04-05,Google Play
Commercial Bank of Ethiopia,CBE Mobile Banking,Thank you for your service.,1,2026-04-05,Google Play
Commercial Bank of Ethiopia,CBE Mobile Banking,nice,5,2026-04-05,Google Play
Commercial Bank of Ethiopia,CBE Mobile Banking,WOW!,4,2026-04-04,Google Play
Commercial Bank of Ethiopia,CBE Mobile Banking,i have more experience,5,2026-04-04,Google Play
Commercial Bank of Ethiopia,CBE Mobile Banking,good,5,2026-04-04,Google Play
Commercial Bank of Ethiopia,CBE Mobile Banking,i like this app,5,2026-04-04,Google Play
Commercial Bank of Ethiopia,CBE Mobile Banking,I love this app,5,2026-04-04,Google Play
Commercial Bank of Ethiopia,CBE Mobile Banking,it is not working,1,2026-04-04,Google Play
Commercial Bank of Ethiopia,CBE Mobile Banking,the app freezes sometimes and crashing,1,2026-04-04,Google Play
Commercial Bank of Ethiopia,CBE Mobile Banking,for active payment it's number one chose,5,2026-04-04,Google Play
Commercial Bank of Ethiopia,CBE Mobile Banking,"What a nasty Update is this !. May I say 'Events cast their shadow before happenings'. Trust, value, Bank's 'n' Customers' financial property, such like things, at risk once again(the State owned Bank experienced some months ago due to app development issues or some other unknown reasons. Unable to see my own current balance due to a hidden page being displayed, stacked transaction history since March 26th, among others. Is that a Banking app being developed by Professionals ?.",1,2026-04-04,Google Play
Commercial Bank of Ethiopia,CBE Mobile Banking,Very good Service provider bank,5,2026-04-04,Google Play
Commercial Bank of Ethiopia,CBE Mobile Banking,nice app keep it up🤝🤝,5,2026-04-03,Google Play
Commercial Bank of Ethiopia,CBE Mobile Banking,very much for your information 👋,5,2026-04-03,Google Play
Commercial Bank of Ethiopia,CBE Mobile Banking,bad👎,1,2026-04-03,Google Play
Commercial Bank of Ethiopia,CBE Mobile Banking,so nice to me,5,2026-04-03,Google Play
Commercial Bank of Ethiopia,CBE Mobile Banking,best,5,2026-04-02,Google Play
Commercial Bank of Ethiopia,CBE Mobile Banking,good update,5,2026-04-02,Google Play
Commercial Bank of Ethiopia,CBE Mobile Banking,It's a good improvement. the app,5,2026-04-02,Google Play
Commercial Bank of Ethiopia,CBE Mobile Banking,good,5,2026-04-02,Google Play
Commercial Bank of Ethiopia,CBE Mobile Banking,Excellent,5,2026-04-02,Google Play
Commercial Bank of Ethiopia,CBE Mobile Banking,"This app is very unreliable—slow, frequently crashes, and fails to sync properly. Transactions don’t reflect accurately; I transferred money that was deducted but never received, with no record in recent activity. It often stops working and takes too long to update. Reinstalling doesn’t help. You even have to visit a branch for it to start working, which is unacceptable today. The problem is even worse outside Ethiopia.",1,2026-04-02,Google Play
Commercial Bank of Ethiopia,CBE Mobile Banking,not working,5,2026-04-01,Google Play
Commercial Bank of Ethiopia,CBE Mobile Banking,it's fast and easy nice,5,2026-04-01,Google Play
Commercial Bank of Ethiopia,CBE Mobile Banking,Good,1,2026-04-01,Google Play
Commercial Bank of Ethiopia,CBE Mobile Banking,girms,5,2026-04-01,Google Play
Commercial Bank of Ethiopia,CBE Mobile Banking,"this platform is very useful for exchanging payment ,than *889#(it's slower ).🙏🙏",5,2026-04-01,Google Play
Commercial Bank of Ethiopia,CBE Mobile Banking,best,5,2026-04-01,Google Play
Commercial Bank of Ethiopia,CBE Mobile Banking,Good app,5,2026-03-31,Google Play
Commercial Bank of Ethiopia,CBE Mobile Banking,very excellent application the number one bank of Ethiopia thanks,5,2026-03-31,Google Play
Commercial Bank of Ethiopia,CBE Mobile Banking,I can't use the app months ago. It stopped working with Mobile data and WiFi. I didn't know the cause. Why this app is not compatible with Android 8?,3,2026-03-31,Google Play
Commercial Bank of Ethiopia,CBE Mobile Banking,not working,3,2026-03-31,Google Play
Commercial Bank of Ethiopia,CBE Mobile Banking,"very nice app, but charge more.",5,2026-03-31,Google Play
Commercial Bank of Ethiopia,CBE Mobile Banking,Why mobile Banking is not functional?,2,2026-03-31,Google Play
Commercial Bank of Ethiopia,CBE Mobile Banking,does this app support international transactions,3,2026-03-31,Google Play
Commercial Bank of Ethiopia,CBE Mobile Banking,i use CBE almost more than 5 years,3,2026-03-30,Google Play
Commercial Bank of Ethiopia,CBE Mobile Banking,this app essential app on this time,5,2026-03-30,Google Play
Commercial Bank of Ethiopia,CBE Mobile Banking,"After update not working at all, I live in abroad.",1,2026-03-30,Google Play
Commercial Bank of Ethiopia,CBE Mobile Banking,best app,5,2026-03-30,Google Play
Commercial Bank of Ethiopia,CBE Mobile Banking,nice,1,2026-03-30,Google Play
Commercial Bank of Ethiopia,CBE Mobile Banking,it is not well functional. It always sluggish and poor application. n Not interested because always straggling .,1,2026-03-30,Google Play
Commercial Bank of Ethiopia,CBE Mobile Banking,best bank ever,5,2026-03-30,Google Play
Commercial Bank of Ethiopia,CBE Mobile Banking,Pleas allow self service on Mobile banking.,5,2026-03-29,Google Play
Commercial Bank of Ethiopia,CBE Mobile Banking,saved transactions doesn't work properly it doesn't show transactions before a month only shows recent transactions even after I set filter date range,1,2026-03-29,Google Play
Commercial Bank of Ethiopia,CBE Mobile Banking,good,5,2026-03-29,Google Play
Commercial Bank of Ethiopia,CBE Mobile Banking,easygoing & Convenient to use.,5,2026-03-29,Google Play
Commercial Bank of Ethiopia,CBE Mobile Banking,Thank you,5,2026-03-28,Google Play
Commercial Bank of Ethiopia,CBE Mobile Banking,good,5,2026-03-28,Google Play
Commercial Bank of Ethiopia,CBE Mobile Banking,nice,5,2026-03-28,Google Play
Commercial Bank of Ethiopia,CBE Mobile Banking,excellent,5,2026-03-28,Google Play
Commercial Bank of Ethiopia,CBE Mobile Banking,It charges high amount of service charge.,1,2026-03-28,Google Play
Commercial Bank of Ethiopia,CBE Mobile Banking,best,5,2026-03-28,Google Play
Commercial Bank of Ethiopia,CBE Mobile Banking,good,5,2026-03-27,Google Play
Commercial Bank of Ethiopia,CBE Mobile Banking,melkam new,4,2026-03-27,Google Play
Commercial Bank of Ethiopia,CBE Mobile Banking,Very good service all times,5,2026-03-25,Google Play
Commercial Bank of Ethiopia,CBE Mobile Banking,ohh very useful and easy for use,5,2026-03-25,Google Play
Commercial Bank of Ethiopia,CBE Mobile Banking,wow,5,2026-03-25,Google Play
Commercial Bank of Ethiopia,CBE Mobile Banking,good application,5,2026-03-25,Google Play
Commercial Bank of Ethiopia,CBE Mobile Banking,good,5,2026-03-25,Google Play
Commercial Bank of Ethiopia,CBE Mobile Banking,its good,5,2026-03-24,Google Play
Commercial Bank of Ethiopia,CBE Mobile Banking,so nice,5,2026-03-24,Google Play
Commercial Bank of Ethiopia,CBE Mobile Banking,it nice and fast but usually it bad the connection by 4g network it still bad,4,2026-03-24,Google Play
Commercial Bank of Ethiopia,CBE Mobile Banking,not work app,5,2026-03-23,Google Play
Commercial Bank of Ethiopia,CBE Mobile Banking,nice App,5,2026-03-22,Google Play
Commercial Bank of Ethiopia,CBE Mobile Banking,CBE is my beast one for any transactions,5,2026-03-22,Google Play
Commercial Bank of Ethiopia,CBE Mobile Banking,very good,5,2026-03-22,Google Play
Commercial Bank of Ethiopia,CBE Mobile Banking,I Am Proud Of CBE Period!!!,5,2026-03-22,Google Play
Commercial Bank of Ethiopia,CBE Mobile Banking,digital banking,5,2026-03-21,Google Play
Commercial Bank of Ethiopia,CBE Mobile Banking,it is very good service you are giving,5,2026-03-21,Google Play
Commercial Bank of Ethiopia,CBE Mobile Banking,ps fast and easy,5,2026-03-21,Google Play
Commercial Bank of Ethiopia,CBE Mobile Banking,nice app for me,3,2026-03-21,Google Play
Commercial Bank of Ethiopia,CBE Mobile Banking,vibe,4,2026-03-21,Google Play
Commercial Bank of Ethiopia,CBE Mobile Banking,Tajajilli keessan dubati Hafadha አገልግሎታችሁን ዱባቲ ሀፋድህን አቆይ Your service will stay behind,1,2026-03-21,Google Play
Commercial Bank of Ethiopia,CBE Mobile Banking,ገላግሌ ብየዋለው ጥድት ያለ አፕ,5,2026-03-20,Google Play
Commercial Bank of Ethiopia,CBE Mobile Banking,best app i like it,5,2026-03-20,Google Play
Commercial Bank of Ethiopia,CBE Mobile Banking,it is really very poor application. i've ever experienced.,1,2026-03-20,Google Play
Commercial Bank of Ethiopia,CBE Mobile Banking,wow ✌️,5,2026-03-19,Google Play
Commercial Bank of Ethiopia,CBE Mobile Banking,EASY & SIMLPE TO MANIPULATE. COGRATS !!,4,2026-03-19,Google Play
Commercial Bank of Ethiopia,CBE Mobile Banking,zewediesh,4,2026-03-19,Google Play
Commercial Bank of Ethiopia,CBE Mobile Banking,nice app,4,2026-03-19,Google Play
Commercial Bank of Ethiopia,CBE Mobile Banking,Perfect App,5,2026-03-19,Google Play
Commercial Bank of Ethiopia,CBE Mobile Banking,🆗 g,5,2026-03-19,Google Play
Commercial Bank of Ethiopia,CBE Mobile Banking,the best app of mobile banking,5,2026-03-18,Google Play
Commercial Bank of Ethiopia,CBE Mobile Banking,ዝም ብሉ ይዞራል 😡😡😡,3,2026-03-18,Google Play
Commercial Bank of Ethiopia,CBE Mobile Banking,the bank You can always relay on!,5,2026-03-18,Google Play
Commercial Bank of Ethiopia,CBE Mobile Banking,good,1,2026-03-18,Google Play
Commercial Bank of Ethiopia,CBE Mobile Banking,good,5,2026-03-18,Google Play
Commercial Bank of Ethiopia,CBE Mobile Banking,"Why does this welcome notification appear every time the app is opened? It doesn’t add value in its current form, so please consider removing it. Alternatively, you could adjust it to appear only occasionally.",4,2026-03-17,Google Play
Commercial Bank of Ethiopia,CBE Mobile Banking,10Q U,5,2026-03-17,Google Play
Commercial Bank of Ethiopia,CBE Mobile Banking,very interesting,5,2026-03-17,Google Play
Commercial Bank of Ethiopia,CBE Mobile Banking,"it cant accomidate more than 2 accounts,every time i subscribe for my 3r account it vanish.",3,2026-03-17,Google Play
Commercial Bank of Ethiopia,CBE Mobile Banking,it's so disgusting my phone is s9+ android of 8/9 and this application still doesn't work for my phone fix it sooner as possible !,1,2026-03-17,Google Play
Commercial Bank of Ethiopia,CBE Mobile Banking,This app is by far one of the useless apps. It keep on sating can't sync and unable to do transfers. please for God sake fix it,1,2026-03-17,Google Play
Commercial Bank of Ethiopia,CBE Mobile Banking,ልስን,4,2026-03-17,Google Play
Commercial Bank of Ethiopia,CBE Mobile Banking,new app,5,2026-03-17,Google Play
Commercial Bank of Ethiopia,CBE Mobile Banking,Nice,5,2026-03-17,Google Play
Commercial Bank of Ethiopia,CBE Mobile Banking,it can't showed transaction history perfectly,1,2026-03-16,Google Play
Commercial Bank of Ethiopia,CBE Mobile Banking,it have to be work on all smart phone ratherthan limitted by version,1,2026-03-16,Google Play
Commercial Bank of Ethiopia,CBE Mobile Banking,All right 👍,5,2026-03-16,Google Play
Commercial Bank of Ethiopia,CBE Mobile Banking,you can transfer br,5,2026-03-16,Google Play
Commercial Bank of Ethiopia,CBE Mobile Banking,well,5,2026-03-16,Google Play
Commercial Bank of Ethiopia,CBE Mobile Banking,not properly work,2,2026-03-16,Google Play
Commercial Bank of Ethiopia,CBE Mobile Banking,nice app,5,2026-03-16,Google Play
Commercial Bank of Ethiopia,CBE Mobile Banking,proud of CBE. CBE is my everyday day choice and confidence.,5,2026-03-15,Google Play
Commercial Bank of Ethiopia,CBE Mobile Banking,It would be great if you could add tele birr agent to the transfer to wallet.,2,2026-03-15,Google Play
Commercial Bank of Ethiopia,CBE Mobile Banking,love,5,2026-03-15,Google Play
Commercial Bank of Ethiopia,CBE Mobile Banking,"To the CBE: I opened my account 8 years ago while working as a government employee in Harerghe. Now I live in Addis Ababa, yet my account has been frozen without any explanation. I contacted nearby branches and even the head office, and all I was told is that I must go to the branch where I originally opened my account-over 400 km away. How is this fair/legal? Expecting a customer to travel over 400km just to reactivate an account is unreasonable and shows a total disregard for customer rights.",3,2026-03-14,Google Play
Commercial Bank of Ethiopia,CBE Mobile Banking,"it's good, but sometime the app can not be fast and it will need upgraeds.....?",4,2026-03-14,Google Play
Commercial Bank of Ethiopia,CBE Mobile Banking,I gone to cbe branch more times as I updated or re installed it because it asks verfication no. after reinstallation or updation tis costy for you,4,2026-03-14,Google Play
Commercial Bank of Ethiopia,CBE Mobile Banking,wonderful Pp,5,2026-03-14,Google Play
Commercial Bank of Ethiopia,CBE Mobile Banking,l want Mobile banks code,5,2026-03-13,Google Play
Commercial Bank of Ethiopia,CBE Mobile Banking,My application are not working,5,2026-03-13,Google Play
Commercial Bank of Ethiopia,CBE Mobile Banking,its good customer support,4,2026-03-13,Google Play
Commercial Bank of Ethiopia,CBE Mobile Banking,Can't active now,3,2026-03-13,Google Play
Commercial Bank of Ethiopia,CBE Mobile Banking,this app is really make me excited 😊,5,2026-03-13,Google Play
Commercial Bank of Ethiopia,CBE Mobile Banking,Easy to use and best way for online transactions in Ethiopia.,4,2026-03-12,Google Play
Commercial Bank of Ethiopia,CBE Mobile Banking,good,5,2026-03-12,Google Play
Commercial Bank of Ethiopia,CBE Mobile Banking,ቸርነት ገበየሁ,5,2026-03-12,Google Play
Commercial Bank of Ethiopia,CBE Mobile Banking,"False advertising regarding Virtual Mastercard/Visa 😓😢😓 The latest update claims to support Mastercard and Visa cards, but this is completely false. The features are either missing or do not work at all. It is shameful for a leading bank to mislead its customers with ""new features"" that aren't actually available. Fix the bugs or stop making false promises.",1,2026-03-12,Google Play
Commercial Bank of Ethiopia,CBE Mobile Banking,thanks for my custom,5,2026-03-12,Google Play
Commercial Bank of Ethiopia,CBE Mobile Banking,is good always not work not access.,2,2026-03-11,Google Play
Commercial Bank of Ethiopia,CBE Mobile Banking,perfect 👌,5,2026-03-11,Google Play
Commercial Bank of Ethiopia,CBE Mobile Banking,Baankiin Daldala Itoophiyaa nuuf qabeenya guddaa tahuu hin dagatinaa Mata duree ykn Handhuura baankii hundaati,5,2026-03-11,Google Play
Commercial Bank of Ethiopia,CBE Mobile Banking,The worst Application,1,2026-03-10,Google Play
Commercial Bank of Ethiopia,CBE Mobile Banking,keepup the good work thanks,5,2026-03-10,Google Play
Commercial Bank of Ethiopia,CBE Mobile Banking,it good,5,2026-03-10,Google Play
Commercial Bank of Ethiopia,CBE Mobile Banking,loved,5,2026-03-10,Google Play
Commercial Bank of Ethiopia,CBE Mobile Banking,good,5,2026-03-09,Google Play
Commercial Bank of Ethiopia,CBE Mobile Banking,exellent app!!!!!,5,2026-03-09,Google Play
Commercial Bank of Ethiopia,CBE Mobile Banking,it's good,3,2026-03-09,Google Play
Commercial Bank of Ethiopia,CBE Mobile Banking,easy to use,5,2026-03-09,Google Play
Commercial Bank of Ethiopia,CBE Mobile Banking,Very Good service,5,2026-03-09,Google Play
Commercial Bank of Ethiopia,CBE Mobile Banking,The most dictator app in the banking industry. you beg for your own amount.,1,2026-03-09,Google Play
Commercial Bank of Ethiopia,CBE Mobile Banking,Very good,5,2026-03-08,Google Play
Commercial Bank of Ethiopia,CBE Mobile Banking,ጥሩ ነው,5,2026-03-08,Google Play
Commercial Bank of Ethiopia,CBE Mobile Banking,ቀርፋፋ ነዉ,2,2026-03-08,Google Play
Commercial Bank of Ethiopia,CBE Mobile Banking,their is no option to write the code and it is not functioning and i can't find the setting,1,2026-03-07,Google Play
Commercial Bank of Ethiopia,CBE Mobile Banking,I like it,4,2026-03-07,Google Play
Commercial Bank of Ethiopia,CBE Mobile Banking,slowing on connection.,3,2026-03-07,Google Play
Commercial Bank of Ethiopia,CBE Mobile Banking,please release an app which can work for all android versions.,1,2026-03-07,Google Play
Commercial Bank of Ethiopia,CBE Mobile Banking,"The previous application is good, but currently, after updating the application, everything is not working properly.",1,2026-03-07,Google Play
Commercial Bank of Ethiopia,CBE Mobile Banking,first bank itoophiyaa nigd bank,5,2026-03-06,Google Play
Commercial Bank of Ethiopia,CBE Mobile Banking,Good,5,2026-03-06,Google Play
Commercial Bank of Ethiopia,CBE Mobile Banking,heddu gaalatoma,5,2026-03-06,Google Play
Commercial Bank of Ethiopia,CBE Mobile Banking,"Did you know that if you open and hide your balance amount, it's font size will grow untill you can make it grow anymore because the Eye thingy will disappear (😭😭🫠)",4,2026-03-06,Google Play
Commercial Bank of Ethiopia,CBE Mobile Banking,this is best app,4,2026-03-06,Google Play
Commercial Bank of Ethiopia,CBE Mobile Banking,"sometimes it shows ""the app is not configured to the latest"" message. Version 5.2 4",3,2026-03-06,Google Play
Commercial Bank of Ethiopia,CBE Mobile Banking,"Due to app version is to long ,this app is more lost money for new phone,im sory the new CBE app developper!",1,2026-03-06,Google Play
Commercial Bank of Ethiopia,CBE Mobile Banking,I am using most of my financial things smoothly.,5,2026-03-05,Google Play
Commercial Bank of Ethiopia,CBE Mobile Banking,good,4,2026-03-05,Google Play
Commercial Bank of Ethiopia,CBE Mobile Banking,Nice,5,2026-03-05,Google Play
Commercial Bank of Ethiopia,CBE Mobile Banking,ወደ ቴሌ ለማስተላለፍ ዕምብ አለ,5,2026-03-05,Google Play
Commercial Bank of Ethiopia,CBE Mobile Banking,nic,5,2026-03-05,Google Play
Commercial Bank of Ethiopia,CBE Mobile Banking,good,5,2026-03-05,Google Play
Commercial Bank of Ethiopia,CBE Mobile Banking,Excellent app,5,2026-03-05,Google Play
Commercial Bank of Ethiopia,CBE Mobile Banking,I like this apk and also I can accessed it wel!,5,2026-03-05,Google Play
Commercial Bank of Ethiopia,CBE Mobile Banking,This app is not working on samsung j6 devices this is not fair we can't afford to buy new devices so u have to make work on this devices to?,1,2026-03-04,Google Play
Commercial Bank of Ethiopia,CBE Mobile Banking,best,5,2026-03-04,Google Play
Commercial Bank of Ethiopia,CBE Mobile Banking,it's very good apps I like it,5,2026-03-04,Google Play
Commercial Bank of Ethiopia,CBE Mobile Banking,Good work,5,2026-03-04,Google Play
Commercial Bank of Ethiopia,CBE Mobile Banking,"Good app, Thanks",5,2026-03-04,Google Play
Commercial Bank of Ethiopia,CBE Mobile Banking,my choice,5,2026-03-04,Google Play
Commercial Bank of Ethiopia,CBE Mobile Banking,strong 💪,5,2026-03-03,Google Play
Commercial Bank of Ethiopia,CBE Mobile Banking,Good,5,2026-03-03,Google Play
Commercial Bank of Ethiopia,CBE Mobile Banking,Excellent,5,2026-03-03,Google Play
Commercial Bank of Ethiopia,CBE Mobile Banking,Your app is not working for android version 8. pls make it available!!,2,2026-03-03,Google Play
Commercial Bank of Ethiopia,CBE Mobile Banking,I couldn't pay/transfer to my loan account. Would you mind updating your system?,3,2026-03-03,Google Play
Commercial Bank of Ethiopia,CBE Mobile Banking,it is good important applications gofowards cbe,5,2026-03-03,Google Play
Commercial Bank of Ethiopia,CBE Mobile Banking,sestem esy,1,2026-03-03,Google Play
Commercial Bank of Ethiopia,CBE Mobile Banking,account not raning,5,2026-03-03,Google Play
Commercial Bank of Ethiopia,CBE Mobile Banking,bergit koranibachihu fetan agelgilot eyagegnen new.....💪,5,2026-03-03,Google Play
Commercial Bank of Ethiopia,CBE Mobile Banking,bad,1,2026-03-02,Google Play
Dashen Bank,Dashen Bank,ምንም አይሰራም 🥹 በጣም ያናድዳል አንድ ነገር ለመጠቀማ በአስራ አምስት ቀን ሙከራ ራሱ አይሰራም በጣም የሚያስጠላ ሲስተም ነው እኔ ከአስር 1 እራሱ አልሰጠውም,1,2026-05-13,Google Play
Dashen Bank,Dashen Bank,bad mobile banking at all,1,2026-05-13,Google Play
Dashen Bank,Dashen Bank,very nice app.,5,2026-05-13,Google Play
Dashen Bank,Dashen Bank,very difficult app,1,2026-05-13,Google Play
Dashen Bank,Dashen Bank,"Good app, but debit transactions not allowed Why ?",5,2026-05-13,Google Play
Dashen Bank,Dashen Bank,nice,5,2026-05-13,Google Play
Dashen Bank,Dashen Bank,"Very bad customer service line. they won't pick up, dialed repeatedly. waited on hold for 20 minutes+. The worst customer service line I have experienced from a big bank.",1,2026-05-12,Google Play
Dashen Bank,Dashen Bank,smart app,5,2026-05-12,Google Play
Dashen Bank,Dashen Bank,The application booting time is so bad..,3,2026-05-12,Google Play
Dashen Bank,Dashen Bank,good,5,2026-05-12,Google Play
Dashen Bank,Dashen Bank,excelent,5,2026-05-12,Google Play
Dashen Bank,Dashen Bank,this app is amaizing,5,2026-05-11,Google Play
Dashen Bank,Dashen Bank,fast and very easy to use,5,2026-05-11,Google Play
Dashen Bank,Dashen Bank,good but it takes forever to load,4,2026-05-11,Google Play
Dashen Bank,Dashen Bank,easy tp use.,5,2026-05-11,Google Play
Dashen Bank,Dashen Bank,best app i ever seen,5,2026-05-11,Google Play
Dashen Bank,Dashen Bank,it is best but sometime when I need to sign in it request update,3,2026-05-10,Google Play
Dashen Bank,Dashen Bank,nice financial app 👌,5,2026-05-10,Google Play
Dashen Bank,Dashen Bank,it is terrible and shame update request 3 times a month what is the matter with us?,1,2026-05-09,Google Play
Dashen Bank,Dashen Bank,good,5,2026-05-09,Google Play
Dashen Bank,Dashen Bank,Dashen super app is the latest mobile banking.,5,2026-05-09,Google Play
Dashen Bank,Dashen Bank,best but not staple suit and not fast,5,2026-05-09,Google Play
Dashen Bank,Dashen Bank,best app,5,2026-05-09,Google Play
Dashen Bank,Dashen Bank,appn keessan kun daddafee update gaafata yeroo gootee garuu password block godhaa maallifi,5,2026-05-09,Google Play
Dashen Bank,Dashen Bank,"Dashen Supper up Dashen Bank ,Always one step ahead!",5,2026-05-08,Google Play
Dashen Bank,Dashen Bank,top mobile banking app,5,2026-05-08,Google Play
Dashen Bank,Dashen Bank,Thank you Dashen Bank,5,2026-05-08,Google Play
Dashen Bank,Dashen Bank,best app,5,2026-05-08,Google Play
Dashen Bank,Dashen Bank,dashin bank one step a head,5,2026-05-08,Google Play
Dashen Bank,Dashen Bank,Good,5,2026-05-08,Google Play
Dashen Bank,Dashen Bank,Nice,5,2026-05-08,Google Play
Dashen Bank,Dashen Bank,nice bank,5,2026-05-08,Google Play
Dashen Bank,Dashen Bank,good app,5,2026-05-08,Google Play
Dashen Bank,Dashen Bank,The best mobile super app in Ethiopia specifically I like it's User interface(UI),4,2026-05-08,Google Play
Dashen Bank,Dashen Bank,best app,5,2026-05-06,Google Play
Dashen Bank,Dashen Bank,Best app👍,5,2026-05-04,Google Play
Dashen Bank,Dashen Bank,yes goode app,5,2026-05-04,Google Play
Dashen Bank,Dashen Bank,very interesting,5,2026-05-03,Google Play
Dashen Bank,Dashen Bank,Wrong advertisement! You can't open an account using the app.,1,2026-05-01,Google Play
Dashen Bank,Dashen Bank,I like it,5,2026-05-01,Google Play
Dashen Bank,Dashen Bank,best,5,2026-04-30,Google Play
Dashen Bank,Dashen Bank,I can't open a bank account It says 'something went wrong',5,2026-04-30,Google Play
Dashen Bank,Dashen Bank,"👍👍 አሪፍ ነው ""ለአጠቃም ቀላል ምቹ እና አስተማማኝ ነው ተመችቶኛል 💚💛❤️",5,2026-04-30,Google Play
Dashen Bank,Dashen Bank,no faset dashen bsnk,1,2026-04-29,Google Play
Dashen Bank,Dashen Bank,it forgets the password in weeks and the biometric password too it says wrong password fix it,1,2026-04-28,Google Play
Dashen Bank,Dashen Bank,"Misguiding - Claimed people can convert ETB to USD for online payments, but not true.",1,2026-04-27,Google Play
Dashen Bank,Dashen Bank,good,5,2026-04-27,Google Play
Dashen Bank,Dashen Bank,super,5,2026-04-27,Google Play
Dashen Bank,Dashen Bank,"I can't even get into the app just because my Developer mode setting is turned on? why am I getting this message? I'm never turning it off. bye, what a great app😏, it only lasted 3 minutes on my phone (I uninstalled it).",1,2026-04-26,Google Play
Dashen Bank,Dashen Bank,good,5,2026-04-26,Google Play
Dashen Bank,Dashen Bank,wowAmazing Apps,5,2026-04-26,Google Play
Dashen Bank,Dashen Bank,great app,5,2026-04-26,Google Play
Dashen Bank,Dashen Bank,couldn't open an account onlie. gives me an error repeatedly.,2,2026-04-26,Google Play
Dashen Bank,Dashen Bank,I think this app is best compared with other Ethiopian mobile banking apps,5,2026-04-25,Google Play
Dashen Bank,Dashen Bank,wow amazing!!!,5,2026-04-24,Google Play
Dashen Bank,Dashen Bank,dashen bank super app is incredible !!,3,2026-04-24,Google Play
Dashen Bank,Dashen Bank,So great easy wonderfully 😍😍😍,5,2026-04-24,Google Play
Dashen Bank,Dashen Bank,good,5,2026-04-24,Google Play
Dashen Bank,Dashen Bank,nice,5,2026-04-24,Google Play
Dashen Bank,Dashen Bank,Dashen app is #1,5,2026-04-23,Google Play
Dashen Bank,Dashen Bank,cool app,3,2026-04-23,Google Play
Dashen Bank,Dashen Bank,super app give alot coin when I shake it zero result😃,1,2026-04-23,Google Play
Dashen Bank,Dashen Bank,I realy appreciate it especially virtual card opportunity go a head!👍👍,5,2026-04-23,Google Play
Dashen Bank,Dashen Bank,ok👌,5,2026-04-23,Google Play
Dashen Bank,Dashen Bank,adegn,5,2026-04-23,Google Play
Dashen Bank,Dashen Bank,app size is small and the app is convenient,5,2026-04-22,Google Play
Dashen Bank,Dashen Bank,when compared this app to CBE&Awash pro CBE&Awash pro is better and simple for using.,1,2026-04-22,Google Play
Dashen Bank,Dashen Bank,I used this app always,5,2026-04-22,Google Play
Dashen Bank,Dashen Bank,good bank Dashen,5,2026-04-22,Google Play
Dashen Bank,Dashen Bank,Very reliable.,5,2026-04-22,Google Play
Dashen Bank,Dashen Bank,Good app,5,2026-04-22,Google Play
Dashen Bank,Dashen Bank,it is excellent and well securried application for using it.,5,2026-04-19,Google Play
Dashen Bank,Dashen Bank,The worst mobile banking app ever... I don't think I am ever going to deposit anything from now on if I can't use the app properly. At one point it's working and when you close it and try after 5 minutes it won't even open. A bank this big should be ashamed of not being able to fix it for this long.,1,2026-04-18,Google Play
Dashen Bank,Dashen Bank,amazing,5,2026-04-18,Google Play
Dashen Bank,Dashen Bank,good,5,2026-04-18,Google Play
Dashen Bank,Dashen Bank,"i am not interested at all the transaction fee , specially i can't make transaction with wallets..........i thought it was cool ....not interested fix everything and also it have long time loading ufffff",2,2026-04-18,Google Play
Dashen Bank,Dashen Bank,The app is not swift and does not use a fast lightweight connection.,2,2026-04-17,Google Play
Dashen Bank,Dashen Bank,"I am experiencing a serious issue with the Dashen Super App. I visited a branch and my account was successfully activated. However, shortly after (within about 7 hours), the app started asking me again to visit the branch. In addition, my account balance is not showing even after updating the app, and I can no longer see my account number. This situation is very frustrating, especially after completing the required verification at the branch. The system does not seem stable and it is affecting",1,2026-04-16,Google Play
Dashen Bank,Dashen Bank,nice but i ask every week to update.,5,2026-04-16,Google Play
Dashen Bank,Dashen Bank,i have used this app starting from the first date that launched it is interested and easiest app next to tellbirr in my experience,5,2026-04-11,Google Play
Dashen Bank,Dashen Bank,The worst mobile banking app in Ethiopia🤮🤮🤮,1,2026-04-10,Google Play
Dashen Bank,Dashen Bank,it is very Exciting app🙏,5,2026-04-09,Google Play
Dashen Bank,Dashen Bank,Transfer to other bank link is still not working .,5,2026-04-09,Google Play
Dashen Bank,Dashen Bank,super fast,5,2026-04-08,Google Play
Dashen Bank,Dashen Bank,👌👌👌👌,5,2026-04-08,Google Play
Dashen Bank,Dashen Bank,it is not working,1,2026-04-07,Google Play
Dashen Bank,Dashen Bank,where is the virtual master card you are talking about. are we allowed to have multiple cards since its virtual btw your app is nice,5,2026-04-06,Google Play
Dashen Bank,Dashen Bank,Why haven’t you fixed this issue 👇 Temporarily Unavailable We're currently updating this service to improve your experience. It will be restored soon. Thank you for your patience,4,2026-04-06,Google Play
Dashen Bank,Dashen Bank,The Best Bank,5,2026-04-05,Google Play
Dashen Bank,Dashen Bank,great,5,2026-04-04,Google Play
Dashen Bank,Dashen Bank,this dashin super app that I don't recommend anyone use it,1,2026-04-04,Google Play
Dashen Bank,Dashen Bank,በዋይፋይ አይሰራም።,1,2026-04-04,Google Play
Dashen Bank,Dashen Bank,there is no a system every day,1,2026-04-04,Google Play
Dashen Bank,Dashen Bank,You talk much more !! Nothing is UNIQUE THAN OTHER APPS!!!,1,2026-04-04,Google Play
Dashen Bank,Dashen Bank,good,4,2026-04-01,Google Play
Dashen Bank,Dashen Bank,nice app,4,2026-04-01,Google Play
Dashen Bank,Dashen Bank,"The app is grand. but it's missing two things. one is the option to see exchange rates and the other is, when opening the app we would love it if there is the option to input your biometrics directly instead of clicking another button to pop it up.",5,2026-03-31,Google Play
Dashen Bank,Dashen Bank,i got question why we can't withdraw my remaining 50 birr..... anyother bank let me with draw any amount but dashnbank is kinda of annoying it says it has 50 has to remain are u somekind of theif or tell me how to fix this😡😡,1,2026-03-28,Google Play
Dashen Bank,Dashen Bank,very good,5,2026-03-25,Google Play
Dashen Bank,Dashen Bank,ምርጥ ነው።,5,2026-03-22,Google Play
Dashen Bank,Dashen Bank,👍🏿good,5,2026-03-21,Google Play
Dashen Bank,Dashen Bank,amaizing app,5,2026-03-17,Google Play
Dashen Bank,Dashen Bank,best option,5,2026-03-16,Google Play
Dashen Bank,Dashen Bank,good,5,2026-03-14,Google Play
Dashen Bank,Dashen Bank,like 🥰,5,2026-03-12,Google Play
Dashen Bank,Dashen Bank,worst application,1,2026-03-11,Google Play
Dashen Bank,Dashen Bank,best,5,2026-03-10,Google Play
Dashen Bank,Dashen Bank,Excellent,5,2026-03-08,Google Play
Dashen Bank,Dashen Bank,so funy,5,2026-03-08,Google Play
Dashen Bank,Dashen Bank,Good luck 👍 for my ambition ✔️💯%,4,2026-03-08,Google Play
Dashen Bank,Dashen Bank,good job,4,2026-03-07,Google Play
Dashen Bank,Dashen Bank,ዳሸን ሱፐር አፕ ይለያል,5,2026-03-07,Google Play
Dashen Bank,Dashen Bank,Nice,4,2026-03-06,Google Play
Dashen Bank,Dashen Bank,ሁሌ አይሰራም መሽከርከር ብቻ ባላንስ አያሳይ ትራንስፈር አይሰራ አፑ ራሱ አይከፍት ብር ይቆርጣል እንጂ አይልክ ። ወሬ ብቻ 4 ወር አየውት ወሬ ቲሽ,1,2026-03-05,Google Play
Dashen Bank,Dashen Bank,dashen bank super up,5,2026-03-05,Google Play
Dashen Bank,Dashen Bank,good but not fast,1,2026-03-03,Google Play
Dashen Bank,Dashen Bank,it works all we need but if there is good internet connection.,3,2026-03-01,Google Play
Dashen Bank,Dashen Bank,birhanu debebe getahuu,5,2026-02-27,Google Play
Dashen Bank,Dashen Bank,waw,5,2026-02-27,Google Play
Dashen Bank,Dashen Bank,yes waw,5,2026-02-26,Google Play
Dashen Bank,Dashen Bank,I use this app it's best,5,2026-02-25,Google Play
Dashen Bank,Dashen Bank,"What's the problem with VPN?, i use a local VPN and turning that off for this app sucks",1,2026-02-25,Google Play
Dashen Bank,Dashen Bank,Thank you. Very nice App.,5,2026-02-25,Google Play
Dashen Bank,Dashen Bank,very important,5,2026-02-23,Google Play
Dashen Bank,Dashen Bank,"Dashen Bank SuperApp is user‑friendly, fast, and very convenient for daily banking. Transactions are smooth, and the app keeps improving with useful features. A great digital banking experience overall highly recommended.",5,2026-02-23,Google Play
Dashen Bank,Dashen Bank,Biometrc authentication is not working in this updated version.,3,2026-02-23,Google Play
Dashen Bank,Dashen Bank,perfect,5,2026-02-21,Google Play
Dashen Bank,Dashen Bank,One of the best in Ethiopia,5,2026-02-20,Google Play
Dashen Bank,Dashen Bank,Mostly slow or doesn't open altogether. A clumsy app,2,2026-02-16,Google Play
Dashen Bank,Dashen Bank,"This is painfully very slow to load, switch between accounts and check balances.",1,2026-02-13,Google Play
Dashen Bank,Dashen Bank,Nice,5,2026-02-10,Google Play
Dashen Bank,Dashen Bank,"the app used to work fine, but the last update ruined something even RTGS transfer isn't working",2,2026-02-10,Google Play
Dashen Bank,Dashen Bank,The app is good but sometimes it is lagging,4,2026-02-09,Google Play
Dashen Bank,Dashen Bank,please fix the glitch it has bug,3,2026-02-09,Google Play
Dashen Bank,Dashen Bank,Problem Everyday! Not even close to other banking apps. Crashing every time and failed to load most of the time!,1,2026-02-09,Google Play
Dashen Bank,Dashen Bank,This is the worst mobile banking app I've ever used 😡 please improve it.,1,2026-02-07,Google Play
Dashen Bank,Dashen Bank,The most realistic and modernized financial service in ethiopia i recommend every individual to use this application probably. Always one step ahed 💯,5,2026-02-03,Google Play
Dashen Bank,Dashen Bank,It's very interesting,5,2026-02-02,Google Play
Dashen Bank,Dashen Bank,"The most unreliable, frustrating and worst app I have ever used! imagine being in a restaurant and trying paying bills, but not processing! It is the time you will deeply understand what reliability means.",1,2026-02-01,Google Play
Dashen Bank,Dashen Bank,"the amount of times I have gone to the bank to get this thing working is a lot. on top of that, it stops working on a random day which means another bank visit. found it to be unreliable",1,2026-01-31,Google Play
Dashen Bank,Dashen Bank,"Disgusting! You can't Buy any goods thinking you will transfer from this app. it is so inconsistent, it is not reliable. The so Called Super app is Super slow. Such a shame! 2/10.",1,2026-01-31,Google Play
Dashen Bank,Dashen Bank,መልክ ብቻ,1,2026-01-31,Google Play
Dashen Bank,Dashen Bank,"The app is great but please, please do something with the mini statement and the transactions to CBE 🙏🙏🙏",2,2026-01-31,Google Play
Dashen Bank,Dashen Bank,please the app is not working properly. fix this problem soon. it's not loading my balance and not able to transfer fund .,3,2026-01-30,Google Play
Dashen Bank,Dashen Bank,other bank and telebirr didn't work. Niged Bank is much better,1,2026-01-30,Google Play
Dashen Bank,Dashen Bank,It is so boring.....,1,2026-01-30,Google Play
Dashen Bank,Dashen Bank,"It is the slowest and most problematic app I have used. The app is often busy and does not open properly. Even when it opens, it fails to display my deposit account balance. I have already updated the app, but the issue is still the same. Dashen, please wake up and fix this.",1,2026-01-30,Google Play
Dashen Bank,Dashen Bank,stops working when you need it most.... and its on multiple occasions. and they won't even fix it right away.,1,2026-01-30,Google Play
Dashen Bank,Dashen Bank,"This app is so laggy and unreliable, can't even make transaction to wallet or other bank. I tried to reinstall the app now i can't even login to the app",1,2026-01-30,Google Play
Dashen Bank,Dashen Bank,yes it's the best app,5,2026-01-29,Google Play
Dashen Bank,Dashen Bank,please improve the app function on its not working properly,3,2026-01-29,Google Play
Dashen Bank,Dashen Bank,good,5,2026-01-27,Google Play
Dashen Bank,Dashen Bank,best,5,2026-01-26,Google Play
Dashen Bank,Dashen Bank,my dashen is really proud,5,2026-01-24,Google Play
Dashen Bank,Dashen Bank,the new update asks for a pin again & again its annoying fix it,1,2026-01-24,Google Play
Dashen Bank,Dashen Bank,very nice,5,2026-01-23,Google Play
Dashen Bank,Dashen Bank,best,5,2026-01-23,Google Play
Dashen Bank,Dashen Bank,the best design speed attractive 😍 i love this app,5,2026-01-21,Google Play
Dashen Bank,Dashen Bank,Good 👍,5,2026-01-21,Google Play
Dashen Bank,Dashen Bank,"The user interface and functions are impressive. However, it lags when performing several transactions. It needs attention.",3,2026-01-21,Google Play
Dashen Bank,Dashen Bank,it's fast and easy,4,2026-01-20,Google Play
Dashen Bank,Dashen Bank,best in class bank,5,2026-01-20,Google Play
Dashen Bank,Dashen Bank,it's good,5,2026-01-20,Google Play
Dashen Bank,Dashen Bank,Masha Allah this application platform very active and fast so thank you so much future greater than above transaction other customers uster satisfaction regarding to digitalization of Ethiopia 2030 and world 🌎,5,2026-01-19,Google Play
Dashen Bank,Dashen Bank,worst bank ever ...,1,2026-01-19,Google Play
Dashen Bank,Dashen Bank,dashen: always one stepbahead!,5,2026-01-17,Google Play
Dashen Bank,Dashen Bank,good app,5,2026-01-17,Google Play
Dashen Bank,Dashen Bank,higher like the mountain,5,2026-01-16,Google Play
Dashen Bank,Dashen Bank,verynice app great,5,2026-01-16,Google Play
Dashen Bank,Dashen Bank,Important App,4,2026-01-16,Google Play
Dashen Bank,Dashen Bank,please adjust to send to other telebirr wallet,4,2026-01-14,Google Play
Dashen Bank,Dashen Bank,good,5,2026-01-12,Google Play
Dashen Bank,Dashen Bank,ባንችአታላይ ቤዛዊ ትሸዊት ዳሽንባንክ,1,2026-01-10,Google Play
Dashen Bank,Dashen Bank,"Dashen supper app is fast ,secure, user-friendly and reliable app that makes managing my daily transaction .This app gives me total control over my accounts with peace of mind.",5,2026-01-09,Google Play
Dashen Bank,Dashen Bank,this app good,5,2026-01-09,Google Play
Dashen Bank,Dashen Bank,The old version was much better than the Super App. The Super App has many issues. You should consider rewarding users who report problems to help improve it and truly make it Super,3,2026-01-08,Google Play
Dashen Bank,Dashen Bank,THE WORST BANK. THE WORST APP.,1,2026-01-08,Google Play
Dashen Bank,Dashen Bank,nice app,5,2026-01-07,Google Play
Dashen Bank,Dashen Bank,best,5,2026-01-05,Google Play
Dashen Bank,Dashen Bank,satisfied,4,2026-01-03,Google Play
Dashen Bank,Dashen Bank,Very bad app I ever saw,1,2026-01-02,Google Play
Dashen Bank,Dashen Bank,"Very disappointing app. Other bank transfers don’t work at all I keep getting errors. It’s slow, unreliable, and frustrating Please fix this issue until then, I don’t recommend it",1,2025-12-31,Google Play
Dashen Bank,Dashen Bank,best 👌 app,5,2025-12-30,Google Play
Dashen Bank,Dashen Bank,"I have been trying repeatedly to send money to my Telebirr wallet and to another account, but your platform completely fails to process the transactions. This has been nothing but a waste of my time and patience. Your system is unreliable and clearly not working as it should. I also contacted your customer service, hoping for support, but they were useless and unprofessional. They showed zero interest in actually solving the problem and offered no meaningful help at all.👎👎👎",1,2025-12-28,Google Play
Dashen Bank,Dashen Bank,true app,5,2025-12-27,Google Play
Dashen Bank,Dashen Bank,Waw dashen bank my frist choice 👍👍,5,2025-12-26,Google Play
Dashen Bank,Dashen Bank,Am satisfied more enough....with Dashen Bank,5,2025-12-26,Google Play
Dashen Bank,Dashen Bank,it is a pity that this apk is loosing it purpose and focus diverted. this days it is trash. amole is by far better in serving its purpose,1,2025-12-23,Google Play
Dashen Bank,Dashen Bank,telebirr suparapp,5,2025-12-22,Google Play
Dashen Bank,Dashen Bank,good,5,2025-12-22,Google Play
Dashen Bank,Dashen Bank,Very good,5,2025-12-22,Google Play
Dashen Bank,Dashen Bank,"the most experienced app, so nice job dashen bank s.c .",5,2025-12-21,Google Play
Dashen Bank,Dashen Bank,it's good app I liked,5,2025-12-21,Google Play
Dashen Bank,Dashen Bank,"An interesting app; that is convenient, user friendly, fast & so on... w/c leads the banking services to be digitalized locally and be competitive globally at large. We'r proud of DB!!",5,2025-12-20,Google Play
Dashen Bank,Dashen Bank,i love dashe supper up. keep up my bank,5,2025-12-19,Google Play
Dashen Bank,Dashen Bank,perfect,5,2025-12-18,Google Play
Dashen Bank,Dashen Bank,goood app,4,2025-12-17,Google Play
Dashen Bank,Dashen Bank,Nice app.,5,2025-12-17,Google Play
Dashen Bank,Dashen Bank,nice,5,2025-12-16,Google Play
Dashen Bank,Dashen Bank,dashing bank,5,2025-12-16,Google Play
Dashen Bank,Dashen Bank,it is amazing app and also secure,5,2025-12-16,Google Play
Dashen Bank,Dashen Bank,This app is vey impressive,5,2025-12-15,Google Play
Dashen Bank,Dashen Bank,very good,5,2025-12-14,Google Play
Dashen Bank,Dashen Bank,Great app! Why doesn’t it include digital loan features? Adding this option would be very helpful for customers.,2,2025-12-14,Google Play
Dashen Bank,Dashen Bank,great app,5,2025-12-13,Google Play
Dashen Bank,Dashen Bank,"Simple, updated and all enclosive so I prefer it🙏",5,2025-12-12,Google Play
Dashen Bank,Dashen Bank,Good,5,2025-12-12,Google Play
Dashen Bank,Dashen Bank,"great app,thanks dashen",5,2025-12-12,Google Play
Dashen Bank,Dashen Bank,good,5,2025-12-12,Google Play
Dashen Bank,Dashen Bank,its good app,5,2025-12-12,Google Play
Dashen Bank,Dashen Bank,"The UI/UX appears well-designed, but it has some critical issues that need attention, such as the inability to display full transaction histories and the presence of numerous mini-apps within a single card view, making it difficult to locate individual mini-apps easily.",4,2025-12-11,Google Play
Dashen Bank,Dashen Bank,best,5,2025-12-10,Google Play
Dashen Bank,Dashen Bank,well,5,2025-12-10,Google Play
Dashen Bank,Dashen Bank,it is so fantastic and user friendly app. Bravo Dashen bank thanks.,5,2025-12-09,Google Play
Dashen Bank,Dashen Bank,good,5,2025-12-08,Google Play
Dashen Bank,Dashen Bank,አፑ ቆንጆ ነው ለምንጅነው አሞሌ ላይ ያሉ እሱ ላይ የሌሉት?,3,2025-12-07,Google Play
Dashen Bank,Dashen Bank,ilike this app,5,2025-12-07,Google Play
Dashen Bank,Dashen Bank,it was perfect but sending money to telebirr isn't available,2,2025-12-06,Google Play
Dashen Bank,Dashen Bank,nice app,5,2025-12-05,Google Play
Dashen Bank,Dashen Bank,dashen super app easy to use,5,2025-12-05,Google Play
Dashen Bank,Dashen Bank,Dashen Bank always one step a head,5,2025-12-05,Google Play
Dashen Bank,Dashen Bank,Not good,1,2025-12-05,Google Play
Dashen Bank,Dashen Bank,why you always say update.,5,2025-12-04,Google Play
Dashen Bank,Dashen Bank,very good,5,2025-12-04,Google Play
Dashen Bank,Dashen Bank,it's very expressive and fast and easy to Use.,5,2025-12-04,Google Play
Dashen Bank,Dashen Bank,Dashn Bank is fast and easy,5,2025-12-04,Google Play
Dashen Bank,Dashen Bank,this bank is very nice to me,5,2025-12-04,Google Play
Dashen Bank,Dashen Bank,it's the best mobile banking app I ever seen,5,2025-12-04,Google Play
Dashen Bank,Dashen Bank,ምቹ እና ቀላል ምርጥ መተግበሪያ ነው ወድጄዋለሁ ።,5,2025-12-04,Google Play
Dashen Bank,Dashen Bank,than u,5,2025-12-03,Google Play
Dashen Bank,Dashen Bank,Interesting App.,5,2025-12-03,Google Play
Dashen Bank,Dashen Bank,it takes time to login. but after login its good but sometimes unexpected termination occur in which rises untrust to use usually the app. Because of this am forcely using other bank applications.,3,2025-12-03,Google Play
Dashen Bank,Dashen Bank,good jop,5,2025-12-03,Google Play
Dashen Bank,Dashen Bank,I always receive excellent service & follow up. they strive to complete customer needs. they always available. I am totally happy with Dashen services given. Thanks. Blessings.,5,2025-12-03,Google Play
Dashen Bank,Dashen Bank,ፍፁምውርቁያደቴ,5,2025-12-02,Google Play
Dashen Bank,Dashen Bank,ይህ መተግበሪያ በውስጡ የያዘው አገልግሎት ብጣም ጥሩ ነው ነገር ግን በሁሉም የሞባይል device ላይ ሲጫን እና transaction ስንሰራ በጣም ቀርፍፍ እና እዝጋሚ ነው በትንሽ Network መስራት እንዲችል አድርጋቹህ አበልፅጉት አስተካክሉት (customer),3,2025-12-02,Google Play
Dashen Bank,Dashen Bank,exelent,5,2025-12-02,Google Play
Dashen Bank,Dashen Bank,Nice,5,2025-12-02,Google Play
Dashen Bank,Dashen Bank,nice,1,2025-12-02,Google Play
Dashen Bank,Dashen Bank,BeREkT,1,2025-12-02,Google Play
Dashen Bank,Dashen Bank,good,5,2025-12-02,Google Play
Dashen Bank,Dashen Bank,"the is always under mentenance, or temporarily unavailable and they're adding features no one is looking for at the cost of not being able to use the app in the first place.",1,2025-12-02,Google Play
Dashen Bank,Dashen Bank,Dashen bank is my first choice it's best bank for me and super app is easy to use anything and it's bery fast.,5,2025-12-02,Google Play
Dashen Bank,Dashen Bank,"its Good App when we compare to others but when we enter our code,it takes too long to open the apps fix it please",4,2025-12-01,Google Play
Dashen Bank,Dashen Bank,easy to use and comfortable.,5,2025-12-01,Google Play
Dashen Bank,Dashen Bank,best app,4,2025-12-01,Google Play
Dashen Bank,Dashen Bank,Great,5,2025-12-01,Google Play
Dashen Bank,Dashen Bank,when u release update its always a problem,5,2025-12-01,Google Play
Dashen Bank,Dashen Bank,primary choice,5,2025-12-01,Google Play
Dashen Bank,Dashen Bank,its use friendly,4,2025-12-01,Google Play
Dashen Bank,Dashen Bank,"The apk need time to open the passward page immediately , and lagging.",1,2025-12-01,Google Play
Dashen Bank,Dashen Bank,"this app is not good it's, access are limited and u guys are working only on it's graphics we need it for banking activities not for game. make it more active and better its dormant. i don't like it cbe is better than.",1,2025-11-30,Google Play
Dashen Bank,Dashen Bank,great app,5,2025-11-30,Google Play
Dashen Bank,Dashen Bank,good app,5,2025-11-30,Google Play
Dashen Bank,Dashen Bank,very smart App easy to use and friendly,5,2025-11-29,Google Play
Dashen Bank,Dashen Bank,Very exemplery App to other Bank Aps !,5,2025-11-29,Google Play
Dashen Bank,Dashen Bank,good,5,2025-11-29,Google Play
Dashen Bank,Dashen Bank,It Is An Amazing app,4,2025-11-28,Google Play
Dashen Bank,Dashen Bank,"its fast and easy to communicate to the app and its available all area keep it up.i will make Happy for this application thank you dashen bank for your effort,commitment and dedication. i appricated your work.",5,2025-11-26,Google Play
Dashen Bank,Dashen Bank,What do you care about my phone's settings? Who are you to tell me what to turn off and on? It is my phone after all. This *develoler option* thing will cost you a lot of users who are willing to leave the bank once and for all. Turn this thing off. 6 you fear this is a security issue fix your side not mine.,1,2025-11-25,Google Play
Dashen Bank,Dashen Bank,Exceptional Product.,5,2025-11-23,Google Play
Dashen Bank,Dashen Bank,very easy app,3,2025-11-23,Google Play
Dashen Bank,Dashen Bank,"The Dashen Super App is very impressive. It is fast, easy to use, and provides smooth access to all essential banking services. Money transfer, bill payment, balance check, and other features work efficiently without issues. The design is clean and user-friendly. Great step forward in digital banking — keep up the good work, Dashen Bank!..",5,2025-11-19,Google Play
Dashen Bank,Dashen Bank,በጣም ፈጣን ሥቹ አስተማማኝ ወድጃዋለው,5,2025-11-18,Google Play
Dashen Bank,Dashen Bank,"it's a really slow app, I'm not sure what the issue is. Even other bank transfers are not working",2,2025-11-18,Google Play
Dashen Bank,Dashen Bank,"it say's disable developer option, i disabled it but its not working still",1,2025-11-17,Google Play
Dashen Bank,Dashen Bank,with the super app evry thing i need is just a tap away,5,2025-11-17,Google Play
Dashen Bank,Dashen Bank,nice,5,2025-11-16,Google Play
Dashen Bank,Dashen Bank,eyita tips,1,2025-11-15,Google Play
Dashen Bank,Dashen Bank,clear and presize,5,2025-11-15,Google Play
Dashen Bank,Dashen Bank,smooth and easy!!!,5,2025-11-14,Google Play
Dashen Bank,Dashen Bank,I have had an amazing experience with this app;ot os convenient and easy to use,5,2025-11-14,Google Play
Dashen Bank,Dashen Bank,"All in One Super App with smooth navigation, transaction and lifestyle services",5,2025-11-14,Google Play
Dashen Bank,Dashen Bank,Very nice App.,5,2025-11-14,Google Play
Dashen Bank,Dashen Bank,system failure transfer to others account,2,2025-11-13,Google Play
Dashen Bank,Dashen Bank,thank you,1,2025-11-13,Google Play
Dashen Bank,Dashen Bank,"Only the UI/UX is good, but it doesn't function properly. It's a shame that a leading tech bank has such an app. Amole is far better.",1,2025-11-13,Google Play
Dashen Bank,Dashen Bank,"excellent app. to use perfectlly to pay,transfer,tele airtime and so on.",5,2025-11-12,Google Play
Dashen Bank,Dashen Bank,wow dashen bank super app,5,2025-11-12,Google Play
Dashen Bank,Dashen Bank,"This so-called “Super App” is a complete disappointment. It’s confusing, slow, and full of glitches honestly, it feels like it was designed to test people’s patience, not to help them bank. Calling it “super” is a joke; it’s one of the most useless apps I’ve ever used.",1,2025-11-11,Google Play
Dashen Bank,Dashen Bank,very nice app I have ever seen,5,2025-11-10,Google Play
Dashen Bank,Dashen Bank,NASTY BANK . EVEN THE SUPPER APP IS NOT WORKING WELL. WHEN I AM CALLING THEM THEY ARE NOT RESPONSE . PLEASE DON'T USE THIS APP BECAUSE YOU WILL LOSS YOU TIME ;ENERGY AND EVERYTHING . HOPELESS Bank .,1,2025-11-10,Google Play
Dashen Bank,Dashen Bank,it's good but is not fast,5,2025-11-09,Google Play
Dashen Bank,Dashen Bank,your financial system must improved,4,2025-11-09,Google Play
Dashen Bank,Dashen Bank,your service is too good,5,2025-11-09,Google Play
Dashen Bank,Dashen Bank,good experience,5,2025-11-09,Google Play
Dashen Bank,Dashen Bank,"Amazing app, 👏",5,2025-11-07,Google Play
Dashen Bank,Dashen Bank,wooow,5,2025-11-07,Google Play
Dashen Bank,Dashen Bank,Nice app,5,2025-11-07,Google Play
Dashen Bank,Dashen Bank,best,5,2025-11-07,Google Play
Dashen Bank,Dashen Bank,"easy to use, friendly",5,2025-11-06,Google Play
Dashen Bank,Dashen Bank,"12yr more LC, UCP & ICC & loan",5,2025-11-06,Google Play
Dashen Bank,Dashen Bank,"not attractive and friendly app. Check Awash, CBE apps",1,2025-11-06,Google Play
Dashen Bank,Dashen Bank,amzing,5,2025-11-06,Google Play
Dashen Bank,Dashen Bank,"The Dashen Super App is very impressive. It is fast, easy to use, and provides smooth access to all essential banking services. Money transfer, bill payment, balance check, and other features work efficiently without issues. The design is clean and user-friendly. Great step forward in digital banking — keep up the good work, Dashen Bank!",5,2025-11-05,Google Play
Dashen Bank,Dashen Bank,betam kerfafa naw,1,2025-11-05,Google Play
Dashen Bank,Dashen Bank,exceptional,5,2025-11-05,Google Play
Dashen Bank,Dashen Bank,worst app ever,1,2025-11-05,Google Play
Dashen Bank,Dashen Bank,"Dashen, always two step ahead.",5,2025-11-05,Google Play
Dashen Bank,Dashen Bank,"Please try to fix the barrier between other banks specially with ""Commercial bank of Ethiopia""",3,2025-11-05,Google Play
Dashen Bank,Dashen Bank,i am using,5,2025-11-05,Google Play
Dashen Bank,Dashen Bank,It is a wonderful App developed by a local talent. It deserves an appreciation. It will continue to evolve with new exciting features.,5,2025-11-05,Google Play
Dashen Bank,Dashen Bank,wonderful app,5,2025-11-05,Google Play
Dashen Bank,Dashen Bank,"i love the app it features are perfect, but it asks to update too many times to activate your need to visit a nearest branch and that takes time. other than that the app is great I like it",5,2025-11-05,Google Play
Dashen Bank,Dashen Bank,go ahead,5,2025-11-05,Google Play
Dashen Bank,Dashen Bank,its supper,5,2025-11-04,Google Play
Dashen Bank,Dashen Bank,Good,5,2025-11-04,Google Play
Dashen Bank,Dashen Bank,it's so boring,1,2025-11-04,Google Play
Dashen Bank,Dashen Bank,Dashen Bank Super App is the latest version of online banking system that is the gift from Dashen bank for us Thanks to Dashen,5,2025-11-04,Google Play
Dashen Bank,Dashen Bank,"i rarely leave reviews, but this app truely deserves one.it's efficient ,secure , reliable and makes fanancial tasks effortless.definitely 5 stars for this exceptional app",5,2025-11-04,Google Play
Dashen Bank,Dashen Bank,it has improved very much lately its working more and getting better but yet it is not fully fixed some time at night it doesn't work..i think the problem is it was launched too early.,3,2025-11-04,Google Play
Dashen Bank,Dashen Bank,Amazing,5,2025-11-03,Google Play
Dashen Bank,Dashen Bank,wow dashen bank,5,2025-11-03,Google Play
Dashen Bank,Dashen Bank,ብዙ ነጉር ይቀረዋል ወደ አፑ ስገባ በጣም ይዘገያል ባጭሩ ቀርፋፋ ነው,4,2025-11-02,Google Play
Dashen Bank,Dashen Bank,"I just updated my app to the latest version and I couldn't even see my balance, send money or do anything. It says service is unavailable and it will be fixed soon.",5,2025-11-01,Google Play
Dashen Bank,Dashen Bank,it's too slow,1,2025-11-01,Google Play
Dashen Bank,Dashen Bank,"Before the recent update, this app was great. Now, the home page is cluttered with promotions and banners, which really hurts the experience. I think the app stopped being banking app and started only to promote b/c 95% of the app is only ads, also full of bugs",1,2025-11-01,Google Play
Dashen Bank,Dashen Bank,"This might be the worst banking app I've ever used I dont know why kind of bug it is but suddenly the apps stops working it says ""Temporarily unavailable"" for a simple feature like viewing account balance and in person visit was no help it took them longer than 2 hours to fix it and even after that 2 weeks later the same problem just because of this I'm going to stop using the bank altogether which is a shame because it's a decent bank",1,2025-11-01,Google Play
Dashen Bank,Dashen Bank,Nice app,5,2025-11-01,Google Play
Dashen Bank,Dashen Bank,app is too slow not opening fast,1,2025-10-31,Google Play
Dashen Bank,Dashen Bank,good,5,2025-10-30,Google Play
Dashen Bank,Dashen Bank,"it's seems to have some improvements, I don't know what's going on with this app sometimes get collapseed. This is not expected from Dashen bank, which is amongst from famous and greatest banks.",1,2025-10-30,Google Play
Dashen Bank,Dashen Bank,very nise good,5,2025-10-30,Google Play
Dashen Bank,Dashen Bank,very interesting,5,2025-10-30,Google Play
Dashen Bank,Dashen Bank,what your emplyees tell as about the app when they came to our store and what actually the app is different,1,2025-10-30,Google Play
Dashen Bank,Dashen Bank,Excellent promotion,5,2025-10-30,Google Play
Dashen Bank,Dashen Bank,viry good,5,2025-10-29,Google Play
Dashen Bank,Dashen Bank,"Dashen Bank Super App is incredibly convenient! Easy to use, fast, and reliable – a great app to manage everything in one place.",5,2025-10-29,Google Play
Dashen Bank,Dashen Bank,it is the worst app ever istg 🤮🤮🤮,1,2025-10-29,Google Play
Dashen Bank,Dashen Bank,"Dashen Super App is a game-changer with its sleek, user-friendly interface. Lightning-fast responses and seamless navigation make every task a breeze. Love the organized layout and clear features that save time daily. Fantastic work—highly recommended for effortless banking!",5,2025-10-28,Google Play
Dashen Bank,Dashen Bank,"The design is clean and modern, and everything works smoothly without bugs. I love how reliable the app is it makes banking so convenient.",5,2025-10-28,Google Play
Dashen Bank,Dashen Bank,"A true banking super app! The Dashen Super App combines great design, security, and an impressive range of features. Highly recommended for anyone looking for a complete digital banking experience.",5,2025-10-28,Google Play
Dashen Bank,Dashen Bank,"​I appreciate that this app allowed me to access multiple services in one centralized place. Thank you, Dashen Bank!",5,2025-10-28,Google Play
Dashen Bank,Dashen Bank,"This app makes my day-to-day payments so easy. Everything works perfectly, and it saves me a lot of time.",5,2025-10-28,Google Play
Dashen Bank,Dashen Bank,It’s impressive how consistently the app is improving. I’ve been using it for months and they have improved a lot in terms of not only beauty but also performance wise.,5,2025-10-28,Google Play
Dashen Bank,Dashen Bank,This app has replaced several others for me. It has everything I need in one place.,5,2025-10-28,Google Play
Dashen Bank,Dashen Bank,"The app has evolved impressively over time. The latest release adds dark and light modes that enhance usability and design. It’s intuitive, modern, and clearly built with the user in mind — setting a new benchmark for digital banking.",5,2025-10-28,Google Play
Dashen Bank,Dashen Bank,"Dashen superapp just keeps improving. The new theme options are beautiful, and the overall experience is faster and smoother than ever",5,2025-10-28,Google Play
Dashen Bank,Dashen Bank,I have been using this app for months and its easy to use and is user friendly thanks Dashen bank.,5,2025-10-28,Google Play
Dashen Bank,Dashen Bank,"Finally, banking made simple! Everything I need is in one super app. A true game changer for managing my finances on the go.",5,2025-10-28,Google Play
Dashen Bank,Dashen Bank,"I’ve been using the the App, and it’s been working really well for my daily transactions. Good work 👌",5,2025-10-28,Google Play
Dashen Bank,Dashen Bank,"I appreciate how secure this app feels. Every transaction comes with confirmation, and I always get alerts immediately.",5,2025-10-28,Google Play
Dashen Bank,Dashen Bank,I love the new dark theme it gives the app modern feel n make it more comfortable to use,5,2025-10-28,Google Play
Dashen Bank,Dashen Bank,"This is amazing app, as it name ,truly supper.",5,2025-10-28,Google Play
Dashen Bank,Dashen Bank,This is one of the most user friendly and impressive apps I have encountered in the banking sector,5,2025-10-28,Google Play
Dashen Bank,Dashen Bank,"Amazing UI and UX, the dark mode looks absolutely awesome!",5,2025-10-28,Google Play
Dashen Bank,Dashen Bank,The updated design looks amazing. I really appreciate being able to switch between dark and light mode it’s a small change that makes a big difference!,5,2025-10-28,Google Play
Dashen Bank,Dashen Bank,Astonishing interface with ease of access and complete performance,5,2025-10-28,Google Play
Dashen Bank,Dashen Bank,"I rarely leave reviews, but this app truly deserves one. It’s efficient, secure, and makes financial tasks effortless. Definitely a 5-star experience",5,2025-10-28,Google Play
Dashen Bank,Dashen Bank,stunning UI with reliable service!,5,2025-10-28,Google Play
Dashen Bank,Dashen Bank,"Super Up is the ultimate digital banking app, living up to its name with speed, efficiency, and innovation. Designed for a seamless experience, it offers lightning-fast transactions, top-tier security, and effortless financial management. With Super Up, banking has never been this smooth, smart, and super!",5,2025-10-27,Google Play
Dashen Bank,Dashen Bank,"The UI is impressive, but adding an ATM withdrawal feature for cardless cash access would enhance functionality. This may require updates to the ATM system as well. Please consider this, dev team.",4,2025-10-22,Google Play
Dashen Bank,Dashen Bank,convinent,5,2025-10-22,Google Play
Dashen Bank,Dashen Bank,Good,4,2025-10-21,Google Play
Dashen Bank,Dashen Bank,it is Excellent April jest continue more abeaten.....,4,2025-10-19,Google Play
Dashen Bank,Dashen Bank,I like it,5,2025-10-18,Google Play
Dashen Bank,Dashen Bank,abdrug bentahuuuu,3,2025-10-17,Google Play
Dashen Bank,Dashen Bank,"Dashen SuperApp is the worst app for me because it consistently fails during transfers. When I try to send money, the transaction freezes for extended periods—sometimes a full day, and often two or three days or more. Crucially, the funds are neither delivered to the recipient nor immediately refunded to my account, which is incredibly frustrating and makes me feel like I've lost my money. The app urgently needs a technical update to ensure transactions process smoothly and reliably.",1,2025-10-14,Google Play
Dashen Bank,Dashen Bank,Best application,5,2025-10-14,Google Play
Dashen Bank,Dashen Bank,easy,5,2025-10-14,Google Play
Dashen Bank,Dashen Bank,lmo,5,2025-10-13,Google Play
Dashen Bank,Dashen Bank,meseret birara,5,2025-10-12,Google Play
Dashen Bank,Dashen Bank,it doesn't let me open my account,1,2025-10-12,Google Play
Dashen Bank,Dashen Bank,very good,1,2025-10-11,Google Play
Dashen Bank,Dashen Bank,it is the best,5,2025-10-11,Google Play
Dashen Bank,Dashen Bank,nice and best,5,2025-10-10,Google Play
Dashen Bank,Dashen Bank,good,5,2025-10-10,Google Play
Dashen Bank,Dashen Bank,Finish the app development fully before you give the final result. It's is very inconvenient and not that reliable at the moment.,1,2025-10-08,Google Play
Dashen Bank,Dashen Bank,hayelu Beranu Bashre,5,2025-10-07,Google Play
Dashen Bank,Dashen Bank,👎👎👎👎👎👎👎👎 connection not fast,5,2025-10-07,Google Play
Dashen Bank,Dashen Bank,good,5,2025-10-06,Google Play
Dashen Bank,Dashen Bank,"@Shewangizaw L. As a heavy user of the app , the issue you raised around resetting pass pin concerned me and gave it a try and found it to be safe. Basically the app will do two things: verifies one using an otp and then requires an in-person visit to bank's physical branch for final verification after resetting the password. Therefore, safe to use! I wish ""i""nformational tip was added around the reset button. Could not attach screenshot.",4,2025-10-06,Google Play
Dashen Bank,Dashen Bank,perfect,5,2025-10-06,Google Play
Dashen Bank,Dashen Bank,for dashen bankk it is best app so why your bank onlyu one one app for mobile banking that means superr app,5,2025-10-05,Google Play
Dashen Bank,Dashen Bank,wow,5,2025-10-04,Google Play
Dashen Bank,Dashen Bank,tadesa melka tulluu,1,2025-10-04,Google Play
Dashen Bank,Dashen Bank,I can't open virtual account.I have been trying it for about 3 days still no resolve.,2,2025-10-04,Google Play
Dashen Bank,Dashen Bank,App is passive when compare to Amole it takes 3-5 seconds to open and i cannot refresh transactions what i did.,1,2025-10-03,Google Play
Dashen Bank,Dashen Bank,withdraw,1,2025-10-02,Google Play
Dashen Bank,Dashen Bank,It takes gazillion years to open 😶,3,2025-10-02,Google Play
Dashen Bank,Dashen Bank,this app is outstanding,5,2025-10-01,Google Play
Dashen Bank,Dashen Bank,totally bad,1,2025-10-01,Google Play
Dashen Bank,Dashen Bank,I really appreciate but we can't use it if don't have balance or data access,2,2025-10-01,Google Play
Dashen Bank,Dashen Bank,nice app,5,2025-09-30,Google Play
Dashen Bank,Dashen Bank,ሙነጃት አብድላ ሸረፍ,2,2025-09-30,Google Play
Dashen Bank,Dashen Bank,it fast service,5,2025-09-29,Google Play
Dashen Bank,Dashen Bank,"Good improvements after the Sep 25, 2025 update.",4,2025-09-29,Google Play
Dashen Bank,Dashen Bank,I have one issue though what if the mobile phone with the sim is stolen and have no pattern or pin. The app allows to reset the pin directly without 2FA like finger print just by sending sms. which is a big gap. It should be addressed I didn't expect but it does and no trust at all.,1,2025-09-28,Google Play
Dashen Bank,Dashen Bank,I love it 👍,5,2025-09-28,Google Play
Dashen Bank,Dashen Bank,Best,5,2025-09-28,Google Play
Dashen Bank,Dashen Bank,nice,5,2025-09-28,Google Play
Dashen Bank,Dashen Bank,gooe,5,2025-09-28,Google Play
Dashen Bank,Dashen Bank,nice app,5,2025-09-27,Google Play
Dashen Bank,Dashen Bank,Dashen super app is the best all ethiopian banks keep it,5,2025-09-27,Google Play
Dashen Bank,Dashen Bank,cool app,5,2025-09-27,Google Play
Dashen Bank,Dashen Bank,nice,5,2025-09-27,Google Play
Dashen Bank,Dashen Bank,App That makes cashless society in our century and Easy to use.,5,2025-09-27,Google Play
Dashen Bank,Dashen Bank,tadass,1,2025-09-27,Google Play
Dashen Bank,Dashen Bank,ሙሃጂራ,1,2025-09-27,Google Play
Dashen Bank,Dashen Bank,It is an amazing app and all in one,5,2025-09-27,Google Play
Dashen Bank,Dashen Bank,i dont like it,1,2025-09-27,Google Play
Dashen Bank,Dashen Bank,Dashen is the Future,5,2025-09-27,Google Play
Dashen Bank,Dashen Bank,the best version in 🇪🇹,5,2025-09-27,Google Play
Dashen Bank,Dashen Bank,excellent,5,2025-09-26,Google Play
Dashen Bank,Dashen Bank,"its amazing app, visually stunning",5,2025-09-26,Google Play
Dashen Bank,Dashen Bank,"Updates every time 🥲, when it's updated, it doesn't work at all. 😭",1,2025-09-26,Google Play
Dashen Bank,Dashen Bank,the best app from other dashen is unique its fast app ever i had in my life,5,2025-09-26,Google Play
Dashen Bank,Dashen Bank,I love the new user interface,5,2025-09-26,Google Play
Dashen Bank,Dashen Bank,"Appreciated, Always one step ahead!",5,2025-09-26,Google Play
Dashen Bank,Dashen Bank,The app stops working whenever there is an update unless you update the app. But it is better if it kept working on and updating should be optional.,3,2025-09-26,Google Play
Dashen Bank,Dashen Bank,"This is the first time i have experienced this much cool app out of all the other mobile banking platforms, im genuinely happy to see this kind of app here, tnx",5,2025-09-26,Google Play
Dashen Bank,Dashen Bank,it can't do without data or wifi,1,2025-09-26,Google Play
Dashen Bank,Dashen Bank,"The best UI banking app from all those I used, other Ethiopian banks I used have a really old UI. This is very neat and easy to use. Also so reliable.",5,2025-09-26,Google Play
Dashen Bank,Dashen Bank,So nice !,5,2025-09-26,Google Play
Dashen Bank,Dashen Bank,What's the problem with this app's that asking for updates on a daily basis?,1,2025-09-25,Google Play
Dashen Bank,Dashen Bank,good,3,2025-09-25,Google Play
Dashen Bank,Dashen Bank,"Wow, I really loved the new UI/UX! Great job, Dashen Bank! You guys are the best mobile banking in Ethiopia.",5,2025-09-25,Google Play
Dashen Bank,Dashen Bank,excellent UI improvement 💯💯,5,2025-09-24,Google Play
Dashen Bank,Dashen Bank,one of the best app in Ethiopia .,5,2025-09-24,Google Play
Dashen Bank,Dashen Bank,great app,5,2025-09-23,Google Play
Dashen Bank,Dashen Bank,good,5,2025-09-22,Google Play
Dashen Bank,Dashen Bank,Good,4,2025-09-19,Google Play
Dashen Bank,Dashen Bank,The worst app. It needs updating everyday. Ouch 🤕,1,2025-09-19,Google Play
Dashen Bank,Dashen Bank,safe and secure,3,2025-09-18,Google Play
Dashen Bank,Dashen Bank,በጣም ምቹ ነው,4,2025-09-15,Google Play
Dashen Bank,Dashen Bank,"is not working right now with snmsung galaxy f15, please help me",1,2025-09-14,Google Play
Dashen Bank,Dashen Bank,good,5,2025-09-13,Google Play
Dashen Bank,Dashen Bank,Your staffs are really hardworking but the app is not like your employees,3,2025-09-12,Google Play
Dashen Bank,Dashen Bank,ዳሺባክ,5,2025-09-11,Google Play
Dashen Bank,Dashen Bank,total,5,2025-09-11,Google Play
Dashen Bank,Dashen Bank,good,5,2025-09-10,Google Play
Dashen Bank,Dashen Bank,zero sezzs55sየየወደሠራዊቱ ደየእያቻቻሉ ሐየየመንደ ደም የሰው የየመን የሰው ።ደም ሐማሚጀየየ,5,2025-09-09,Google Play
Dashen Bank,Dashen Bank,not werke,2,2025-09-08,Google Play
Dashen Bank,Dashen Bank,what happened to dashen bank? this is by far the worst banking app. extremely slow when it works and is out of service all the time,1,2025-09-08,Google Play
Dashen Bank,Dashen Bank,simple and easy to use,5,2025-09-08,Google Play
Dashen Bank,Dashen Bank,meke,4,2025-09-07,Google Play
Dashen Bank,Dashen Bank,"not a great app compared to the others ,It freezes randomly ,Takes a lot to load ,and a lot of errors while sending money ,I stopped using it",1,2025-09-07,Google Play
Dashen Bank,Dashen Bank,bad specialy at weekends,1,2025-09-07,Google Play
Dashen Bank,Dashen Bank,"I am very disappointed with the Dashin Bank Super App. The app does not allow me to withdraw 50 birr or can't transfer money and even I can't use it to buy airtime. This makes me feel like my 50 birr is no longer my money, but the bank’s money, since I cannot access or use it freely. According to the National Bank of Ethiopia (NBE), the rule is that 100 birr is not withdrawable, but it can be used to buy airtime or transferred to friends. Dashin Bank’s restriction goes beyond this rule and unfa",1,2025-09-06,Google Play
Dashen Bank,Dashen Bank,It is good apps but it needs strong network,5,2025-09-06,Google Play
Dashen Bank,Dashen Bank,very slow,3,2025-09-06,Google Play
Dashen Bank,Dashen Bank,The app doesn't allow to switch between accounts. Why is it not possible to use two accounts on the same app even if the accounts have been opened at different branch?,2,2025-09-06,Google Play
Dashen Bank,Dashen Bank,lacag inaad amaahisan somalida maxaad ku diiden,5,2025-09-05,Google Play
Dashen Bank,Dashen Bank,Dashin mobile banking is become worest app like others Ethiopian bank apps. Amole was the best app ever I used. It was so flexible & reliable to use. and the best app user can login with new device without go to bank physically.,1,2025-09-05,Google Play
Dashen Bank,Dashen Bank,"The app has potential, but the QR payment feature is disappointing. The scanner doesn’t work, and even though there’s an option to select a QR code from the gallery, it doesn’t function either. This makes paying with QR codes almost impossible. Fixing this would really improve the app.",3,2025-09-04,Google Play
Dashen Bank,Dashen Bank,"very slow and failed transaction multiple times, previous app was much better!!",2,2025-09-04,Google Play
Dashen Bank,Dashen Bank,great 👍,5,2025-09-02,Google Play
Dashen Bank,Dashen Bank,"""super Idiot app"" 1.it forced me to off many of my phone settings like developers option. 2.Never works fastly. 3.It needs multiple click. 4. Doesn't notify if received money & many many more *** The worst mobile app ever expanded***",1,2025-09-01,Google Play
Dashen Bank,Dashen Bank,good,2,2025-09-01,Google Play
Dashen Bank,Dashen Bank,dashin bank,5,2025-08-30,Google Play
Dashen Bank,Dashen Bank,muhaammad bakko,5,2025-08-30,Google Play
Dashen Bank,Dashen Bank,goog,5,2025-08-29,Google Play
Dashen Bank,Dashen Bank,un functional app,1,2025-08-29,Google Play
Dashen Bank,Dashen Bank,trnes far,5,2025-08-27,Google Play
Dashen Bank,Dashen Bank,excellent,5,2025-08-26,Google Play
Dashen Bank,Dashen Bank,shimalis,4,2025-08-25,Google Play
Dashen Bank,Dashen Bank,አሪፍ ነው ግን ደረሰኙ የተቀባይ አካውንት እና ስም አያሳይም ።,3,2025-08-24,Google Play
Dashen Bank,Dashen Bank,excellent mobile banking digital,5,2025-08-24,Google Play
Dashen Bank,Dashen Bank,"Excellent, and it's truly a super app!",5,2025-08-24,Google Play
Dashen Bank,Dashen Bank,nice app,4,2025-08-23,Google Play
Dashen Bank,Dashen Bank,very nice app,5,2025-08-23,Google Play
Dashen Bank,Dashen Bank,can't access as will if it's super and can't even access the service when you need it's a big failure,1,2025-08-22,Google Play
Dashen Bank,Dashen Bank,seche,1,2025-08-22,Google Play
Dashen Bank,Dashen Bank,very fast bank,5,2025-08-22,Google Play
Dashen Bank,Dashen Bank,good and well,5,2025-08-22,Google Play
Dashen Bank,Dashen Bank,what a bank it is,5,2025-08-22,Google Play
Dashen Bank,Dashen Bank,Dashen Super App contains extended selections for customers and can be easily accessible and also friendly to use.,2,2025-08-21,Google Play
Dashen Bank,Dashen Bank,great app,5,2025-08-20,Google Play
Dashen Bank,Dashen Bank,nic,5,2025-08-20,Google Play
Dashen Bank,Dashen Bank,easy to use and the best one,5,2025-08-17,Google Play
Dashen Bank,Dashen Bank,it is totally work of failure. I personally prefer dashen amole instead of this super dull app.,1,2025-08-16,Google Play
Dashen Bank,Dashen Bank,very good app,5,2025-08-16,Google Play
Dashen Bank,Dashen Bank,The worst banking app in Ethiopia. It forces you to change your PIN every three months.,1,2025-08-16,Google Play
Dashen Bank,Dashen Bank,አሪፍ,5,2025-08-15,Google Play
Dashen Bank,Dashen Bank,best but USSD is necessary,5,2025-08-15,Google Play
Dashen Bank,Dashen Bank,"one step forward, Ethiopian bank and e commerce industry",5,2025-08-15,Google Play
Dashen Bank,Dashen Bank,still it's essay for user,4,2025-08-15,Google Play
Dashen Bank,Dashen Bank,"Great app, unfortunately I struggle to use it from outside Ethiopia. It tells me ""VPN enabled please disable VPN to continue using the app"". And that's happening without any VPN enabled. I think I will need to switch back to CBE because I need access to my bank account globally.",1,2025-08-15,Google Play
Dashen Bank,Dashen Bank,"It was easy enough before. but now it won't even open , why? pls help if possible. The email address you provided under the App support also can't be found by Gmail. pls respond.",3,2025-08-14,Google Play
Dashen Bank,Dashen Bank,good,5,2025-08-14,Google Play
Dashen Bank,Dashen Bank,"There are plenty of features missed e. g electricity bill, water bill payments",2,2025-08-14,Google Play
Dashen Bank,Dashen Bank,የሶፍትዌሩ ለአጠቃቀም ምቹና ቀላል መሆኑ ተመራጭ ያደርገዋል,5,2025-08-14,Google Play
Dashen Bank,Dashen Bank,በጣም ችግር አለበት,1,2025-08-14,Google Play
Dashen Bank,Dashen Bank,best,5,2025-08-14,Google Play
Dashen Bank,Dashen Bank,great 👍 app,5,2025-08-13,Google Play
Dashen Bank,Dashen Bank,"its a very low quality and slow application, very unreliable in times of need",1,2025-08-13,Google Play
Dashen Bank,Dashen Bank,very poor and time taking to use,1,2025-08-13,Google Play
Dashen Bank,Dashen Bank,it is the best app ever i have seen Dashen bank always one step a head!!!!,5,2025-08-13,Google Play
BoA Mobile,BOA Mobile Banking,it's very good app,5,2026-05-12,Google Play
BoA Mobile,BOA Mobile Banking,this app is good but the speed of app is very slow,2,2026-05-11,Google Play
BoA Mobile,BOA Mobile Banking,good,5,2026-05-09,Google Play
BoA Mobile,BOA Mobile Banking,boa the best,5,2026-05-08,Google Play
BoA Mobile,BOA Mobile Banking,bank of absiniya is best bank in ethiopian,5,2026-05-07,Google Play
BoA Mobile,BOA Mobile Banking,አስተማማኝና ዘመኑን የዋጀ,4,2026-05-05,Google Play
BoA Mobile,BOA Mobile Banking,good,5,2026-05-04,Google Play
BoA Mobile,BOA Mobile Banking,extremely slow app and unreliable for most payment i have stuggled to much with this,2,2026-05-03,Google Play
BoA Mobile,BOA Mobile Banking,Amazing app,5,2026-05-02,Google Play
BoA Mobile,BOA Mobile Banking,"I tried to oppen mobile app of BOA, but it can't work on my phone after activation. I can't login to it. the staffs tried their best and asked me the android version which is 16 and clear the catches, reinstall the app but the same restult × close the app. disappointing",1,2026-05-01,Google Play
BoA Mobile,BOA Mobile Banking,nice app 👍👍👍,5,2026-04-29,Google Play
BoA Mobile,BOA Mobile Banking,easy to understand,4,2026-04-28,Google Play
BoA Mobile,BOA Mobile Banking,best,5,2026-04-27,Google Play
BoA Mobile,BOA Mobile Banking,a wonderful Bank success app in Ethiopia 🇪🇹,5,2026-04-25,Google Play
BoA Mobile,BOA Mobile Banking,nice,5,2026-04-24,Google Play
BoA Mobile,BOA Mobile Banking,there's an error in app i don't ever know what's the case,1,2026-04-24,Google Play
BoA Mobile,BOA Mobile Banking,BoA always❤,5,2026-04-24,Google Play
BoA Mobile,BOA Mobile Banking,the worst app,1,2026-04-24,Google Play
BoA Mobile,BOA Mobile Banking,what an amazing service,5,2026-04-23,Google Play
BoA Mobile,BOA Mobile Banking,abezash,5,2026-04-23,Google Play
BoA Mobile,BOA Mobile Banking,😁😁ል,4,2026-04-23,Google Play
BoA Mobile,BOA Mobile Banking,Not working,4,2026-04-22,Google Play
BoA Mobile,BOA Mobile Banking,best,5,2026-04-22,Google Play
BoA Mobile,BOA Mobile Banking,nice,5,2026-04-21,Google Play
BoA Mobile,BOA Mobile Banking,everything new that other banks started abyssinia started it but this one year have been a disaster the mobile banking crashes everytime please do what you do best,1,2026-04-20,Google Play
BoA Mobile,BOA Mobile Banking,"the best applcation,, how can winning byd car 😭🤣🤣",5,2026-04-20,Google Play
BoA Mobile,BOA Mobile Banking,good,5,2026-04-19,Google Play
BoA Mobile,BOA Mobile Banking,"the app does not show my account balance correctly compared to what I get with the SMS notification. Again and again I am not able to make transfers because the app has issues. The app has over years now frequently problems, doesn't load, or is sometimes not working entirely and I can not open it. Even to the point that I question the rating of this app if it's true or distorted. I am not sure how it can be 4 stars something, when in real life the app just doesn't work a lot of the time.",1,2026-04-19,Google Play
BoA Mobile,BOA Mobile Banking,excellent service,5,2026-04-18,Google Play
BoA Mobile,BOA Mobile Banking,it very slow to access the app when urgent,1,2026-04-17,Google Play
BoA Mobile,BOA Mobile Banking,very Good app,4,2026-04-16,Google Play
BoA Mobile,BOA Mobile Banking,best i ethiopia,5,2026-04-16,Google Play
BoA Mobile,BOA Mobile Banking,when i try to see my balance the app logs me out.i try to uninstall the app and install it when i try to login again it says login expired.the worest mobile banking in ethiopia. fix it,1,2026-04-15,Google Play
BoA Mobile,BOA Mobile Banking,good,5,2026-04-15,Google Play
BoA Mobile,BOA Mobile Banking,like,5,2026-04-14,Google Play
BoA Mobile,BOA Mobile Banking,Why transfer to telebirr agent doesn't work?,3,2026-04-14,Google Play
BoA Mobile,BOA Mobile Banking,best 👌 app in entire industry,5,2026-04-14,Google Play
BoA Mobile,BOA Mobile Banking,besst app,5,2026-04-14,Google Play
BoA Mobile,BOA Mobile Banking,good 👍,5,2026-04-13,Google Play
BoA Mobile,BOA Mobile Banking,ksanet hayle,5,2026-04-11,Google Play
BoA Mobile,BOA Mobile Banking,this app is not use my pbone android 16 and not fix boa nearest branch how to use this app,1,2026-04-11,Google Play
BoA Mobile,BOA Mobile Banking,"disappointing experience .couldn't even do transactions ,so slow .you should check and update it please",1,2026-04-09,Google Play
BoA Mobile,BOA Mobile Banking,poor functional and also very interactive customer service at branch,1,2026-04-09,Google Play
BoA Mobile,BOA Mobile Banking,low networks,4,2026-04-08,Google Play
BoA Mobile,BOA Mobile Banking,Fast& Modern,5,2026-04-08,Google Play
BoA Mobile,BOA Mobile Banking,very nice service appreciated 👍,5,2026-04-07,Google Play
BoA Mobile,BOA Mobile Banking,it's not working always says error occured,1,2026-04-06,Google Play
BoA Mobile,BOA Mobile Banking,good,5,2026-04-06,Google Play
BoA Mobile,BOA Mobile Banking,fast and reliable app,5,2026-04-02,Google Play
BoA Mobile,BOA Mobile Banking,good,1,2026-04-02,Google Play
BoA Mobile,BOA Mobile Banking,እረተውኝ,5,2026-04-01,Google Play
BoA Mobile,BOA Mobile Banking,good,1,2026-04-01,Google Play
BoA Mobile,BOA Mobile Banking,its good,5,2026-04-01,Google Play
BoA Mobile,BOA Mobile Banking,updte,3,2026-04-01,Google Play
BoA Mobile,BOA Mobile Banking,nice,5,2026-03-31,Google Play
BoA Mobile,BOA Mobile Banking,"Personal opinion: If Abyssinia Mobile Banking allows you to use data from the SIM card where banking is activated, for example, if the connection to the WiFi router stops, if it is possible to use the SIM card where it was activated, and if the password can finally be re-entered 🙏",5,2026-03-31,Google Play
BoA Mobile,BOA Mobile Banking,stupid app! when i try to send money it says error occured,1,2026-03-31,Google Play
BoA Mobile,BOA Mobile Banking,i loveit,5,2026-03-31,Google Play
BoA Mobile,BOA Mobile Banking,Boa yleyal,5,2026-03-31,Google Play
BoA Mobile,BOA Mobile Banking,lovely,2,2026-03-30,Google Play
BoA Mobile,BOA Mobile Banking,other bank is very slow,5,2026-03-30,Google Play
BoA Mobile,BOA Mobile Banking,good,5,2026-03-29,Google Play
BoA Mobile,BOA Mobile Banking,When transaction done form BOA to Other Bank accounts the receipt does not include the name of receipant(the who receive the money),4,2026-03-29,Google Play
BoA Mobile,BOA Mobile Banking,Niyse,5,2026-03-29,Google Play
BoA Mobile,BOA Mobile Banking,good,3,2026-03-29,Google Play
BoA Mobile,BOA Mobile Banking,my choice BOA,5,2026-03-28,Google Play
BoA Mobile,BOA Mobile Banking,በጣም ጥሩ ነው,5,2026-03-28,Google Play
BoA Mobile,BOA Mobile Banking,smart app,5,2026-03-28,Google Play
BoA Mobile,BOA Mobile Banking,emails connect to pone numbers link all the city banks by location naw,5,2026-03-28,Google Play
BoA Mobile,BOA Mobile Banking,good,5,2026-03-28,Google Play
BoA Mobile,BOA Mobile Banking,good,1,2026-03-28,Google Play
BoA Mobile,BOA Mobile Banking,My favorite app,5,2026-03-28,Google Play
BoA Mobile,BOA Mobile Banking,very good,5,2026-03-28,Google Play
BoA Mobile,BOA Mobile Banking,smart app smart bank,5,2026-03-27,Google Play
BoA Mobile,BOA Mobile Banking,You can't rely on Abyssinia. They are the worst,1,2026-03-26,Google Play
BoA Mobile,BOA Mobile Banking,its the the bank of bank,5,2026-03-25,Google Play
BoA Mobile,BOA Mobile Banking,good app,5,2026-03-24,Google Play
BoA Mobile,BOA Mobile Banking,beti araya,5,2026-03-24,Google Play
BoA Mobile,BOA Mobile Banking,ok app,5,2026-03-24,Google Play
BoA Mobile,BOA Mobile Banking,something is wrong,2,2026-03-24,Google Play
BoA Mobile,BOA Mobile Banking,abanamu boriifuu hindhabamu horiinu ajiraanu woliinuu,5,2026-03-24,Google Play
BoA Mobile,BOA Mobile Banking,good up except some sluggishness,5,2026-03-23,Google Play
BoA Mobile,BOA Mobile Banking,good app,5,2026-03-23,Google Play
BoA Mobile,BOA Mobile Banking,it is not bad it just ok,4,2026-03-23,Google Play
BoA Mobile,BOA Mobile Banking,well,1,2026-03-22,Google Play
BoA Mobile,BOA Mobile Banking,i can't transfer money to other bank. 😒😒,4,2026-03-22,Google Play
BoA Mobile,BOA Mobile Banking,doesn't work,1,2026-03-22,Google Play
BoA Mobile,BOA Mobile Banking,cheru birhanu,1,2026-03-22,Google Play
BoA Mobile,BOA Mobile Banking,This app good b/c reduce my time,5,2026-03-22,Google Play
BoA Mobile,BOA Mobile Banking,Machin tecnoloj,3,2026-03-22,Google Play
BoA Mobile,BOA Mobile Banking,developer option offe,1,2026-03-22,Google Play
BoA Mobile,BOA Mobile Banking,"Bank of Abyssinia used to be the best for me, but now I don’t think so. I spent the whole day at the branch trying to fix my mobile banking, yet nothing changed. I was asked repeatedly for my ID and signature without any real solution. It’s disappointing and frustrating to see such poor service. I expected much better 🙏 Please fix this urgently 🙏",1,2026-03-22,Google Play
BoA Mobile,BOA Mobile Banking,good!,4,2026-03-21,Google Play
BoA Mobile,BOA Mobile Banking,BoA Mobile app,5,2026-03-21,Google Play
BoA Mobile,BOA Mobile Banking,good,5,2026-03-21,Google Play
BoA Mobile,BOA Mobile Banking,it is simple and fast app,5,2026-03-21,Google Play
BoA Mobile,BOA Mobile Banking,awful,1,2026-03-21,Google Play
BoA Mobile,BOA Mobile Banking,👍👍👍,5,2026-03-20,Google Play
BoA Mobile,BOA Mobile Banking,ቤጣም ጥሩ ነው ግን ኖ ፍጥነት ብዙ ስታክ ኦኬ,5,2026-03-20,Google Play
BoA Mobile,BOA Mobile Banking,best app,5,2026-03-20,Google Play
BoA Mobile,BOA Mobile Banking,awesome and fast app it uses to do my work easier..🥰,5,2026-03-20,Google Play
BoA Mobile,BOA Mobile Banking,simple and fast,5,2026-03-20,Google Play
BoA Mobile,BOA Mobile Banking,very good appreciation trusted,5,2026-03-20,Google Play
BoA Mobile,BOA Mobile Banking,very nice app u love it,5,2026-03-19,Google Play
BoA Mobile,BOA Mobile Banking,happy,4,2026-03-19,Google Play
BoA Mobile,BOA Mobile Banking,The worst banking app ever. When I toggle the balance button it shows session expired. I can't even check balance😔,1,2026-03-19,Google Play
BoA Mobile,BOA Mobile Banking,Secured and rely on BOA.,4,2026-03-19,Google Play
BoA Mobile,BOA Mobile Banking,good,5,2026-03-19,Google Play
BoA Mobile,BOA Mobile Banking,Nice App,5,2026-03-19,Google Play
BoA Mobile,BOA Mobile Banking,Good,1,2026-03-18,Google Play
BoA Mobile,BOA Mobile Banking,very good app,5,2026-03-18,Google Play
BoA Mobile,BOA Mobile Banking,good to use,5,2026-03-18,Google Play
BoA Mobile,BOA Mobile Banking,excellent!,5,2026-03-18,Google Play
BoA Mobile,BOA Mobile Banking,Thanks bank of Abisiniya,5,2026-03-17,Google Play
BoA Mobile,BOA Mobile Banking,good ap,5,2026-03-17,Google Play
BoA Mobile,BOA Mobile Banking,Very nice application,5,2026-03-17,Google Play
BoA Mobile,BOA Mobile Banking,the BoA is the smartest app,5,2026-03-17,Google Play
BoA Mobile,BOA Mobile Banking,nice,5,2026-03-17,Google Play
BoA Mobile,BOA Mobile Banking,Wow!!,5,2026-03-17,Google Play
BoA Mobile,BOA Mobile Banking,v.good,5,2026-03-17,Google Play
BoA Mobile,BOA Mobile Banking,wow,5,2026-03-17,Google Play
BoA Mobile,BOA Mobile Banking,best,5,2026-03-17,Google Play
BoA Mobile,BOA Mobile Banking,very excellent and truth application.,5,2026-03-17,Google Play
BoA Mobile,BOA Mobile Banking,very good,4,2026-03-17,Google Play
BoA Mobile,BOA Mobile Banking,"All problems are fixed now , easy to use recommended.",5,2026-03-17,Google Play
BoA Mobile,BOA Mobile Banking,it is slow app pls update more,5,2026-03-17,Google Play
BoA Mobile,BOA Mobile Banking,good,5,2026-03-17,Google Play
BoA Mobile,BOA Mobile Banking,amazing app ever,5,2026-03-17,Google Play
BoA Mobile,BOA Mobile Banking,It did not work at all for me,1,2026-03-17,Google Play
BoA Mobile,BOA Mobile Banking,besat🥰,4,2026-03-17,Google Play
BoA Mobile,BOA Mobile Banking,amazing 😄 service I appreciate it,5,2026-03-17,Google Play
BoA Mobile,BOA Mobile Banking,no limit app,5,2026-03-17,Google Play
BoA Mobile,BOA Mobile Banking,Very excayeted and degjetalization more accecing to any markate enabled servece also hamble so more atande,4,2026-03-16,Google Play
BoA Mobile,BOA Mobile Banking,Best !,5,2026-03-16,Google Play
BoA Mobile,BOA Mobile Banking,the app is always full of bugs and I don't know why they don't even try to fix them it's been like this for years it's always unstable,1,2026-03-16,Google Play
BoA Mobile,BOA Mobile Banking,very good,4,2026-03-16,Google Play
BoA Mobile,BOA Mobile Banking,fast app,5,2026-03-16,Google Play
BoA Mobile,BOA Mobile Banking,best app,5,2026-03-16,Google Play
BoA Mobile,BOA Mobile Banking,very good service,3,2026-03-16,Google Play
BoA Mobile,BOA Mobile Banking,lovely app,5,2026-03-16,Google Play
BoA Mobile,BOA Mobile Banking,"BoA easily accessible, fast with best service, Go ahead",5,2026-03-16,Google Play
BoA Mobile,BOA Mobile Banking,its so amazing,5,2026-03-16,Google Play
BoA Mobile,BOA Mobile Banking,good,5,2026-03-16,Google Play
BoA Mobile,BOA Mobile Banking,Now this bank is among those Ethiopian banks with best mobile banking. N.B I will give 5 star if the app asks a PIN before completing transaction.,4,2026-03-16,Google Play
BoA Mobile,BOA Mobile Banking,love BOA,1,2026-03-15,Google Play
BoA Mobile,BOA Mobile Banking,wow,5,2026-03-14,Google Play
BoA Mobile,BOA Mobile Banking,i like,5,2026-03-14,Google Play
BoA Mobile,BOA Mobile Banking,it stucks and jumps out,1,2026-03-13,Google Play
BoA Mobile,BOA Mobile Banking,ማስተዋልይርሳው,5,2026-03-11,Google Play
BoA Mobile,BOA Mobile Banking,1 ደኛ,5,2026-03-11,Google Play
BoA Mobile,BOA Mobile Banking,nice,5,2026-03-10,Google Play
BoA Mobile,BOA Mobile Banking,considering the fact that bank is huge this app really bad you could do better,1,2026-03-10,Google Play
BoA Mobile,BOA Mobile Banking,fast security 🔥🔥🔥,5,2026-03-07,Google Play
BoA Mobile,BOA Mobile Banking,100% 😱😱,5,2026-03-07,Google Play
BoA Mobile,BOA Mobile Banking,doesn't work.,1,2026-03-06,Google Play
BoA Mobile,BOA Mobile Banking,nice,5,2026-03-04,Google Play
BoA Mobile,BOA Mobile Banking,atdtd,1,2026-03-03,Google Play
BoA Mobile,BOA Mobile Banking,Its so boaring app I ever had....please review and fix z deficulties,1,2026-03-03,Google Play
BoA Mobile,BOA Mobile Banking,ፈት አፈዘ,1,2026-03-03,Google Play
BoA Mobile,BOA Mobile Banking,profesionl,5,2026-03-02,Google Play
BoA Mobile,BOA Mobile Banking,nice,5,2026-03-02,Google Play
BoA Mobile,BOA Mobile Banking,very nice,5,2026-03-01,Google Play
BoA Mobile,BOA Mobile Banking,no app,1,2026-03-01,Google Play
BoA Mobile,BOA Mobile Banking,BOA mobile app,5,2026-02-28,Google Play
BoA Mobile,BOA Mobile Banking,"Good App But big problem with Trasfer to other Bank im send some money to other bank still not reach it ,it's take time around two days",4,2026-02-27,Google Play
BoA Mobile,BOA Mobile Banking,Use the best bank account ✅👌👌👌,5,2026-02-25,Google Play
BoA Mobile,BOA Mobile Banking,well app,5,2026-02-24,Google Play
BoA Mobile,BOA Mobile Banking,"balance sync is working after 24 hours, frequently stop working for the last 4 yrs, boring update released, very poor service",2,2026-02-23,Google Play
BoA Mobile,BOA Mobile Banking,Excellent service thanks,5,2026-02-20,Google Play
BoA Mobile,BOA Mobile Banking,good,5,2026-02-19,Google Play
BoA Mobile,BOA Mobile Banking,Good,5,2026-02-17,Google Play
BoA Mobile,BOA Mobile Banking,it crush every time you opend it it is hard to pay quickly or to access,1,2026-02-17,Google Play
BoA Mobile,BOA Mobile Banking,it is a best app,5,2026-02-16,Google Play
BoA Mobile,BOA Mobile Banking,"this app is useless, i try to use it but the app crash and log me out and this is happen again and again. i thought they will fix it on update but there is no update.",1,2026-02-15,Google Play
BoA Mobile,BOA Mobile Banking,"It’s very hard, it’s not working.👎👎",1,2026-02-11,Google Play
BoA Mobile,BOA Mobile Banking,v.good,5,2026-02-11,Google Play
BoA Mobile,BOA Mobile Banking,some time the app would have been a problem to open,5,2026-02-10,Google Play
BoA Mobile,BOA Mobile Banking,good,5,2026-02-10,Google Play
BoA Mobile,BOA Mobile Banking,good,5,2026-02-08,Google Play
BoA Mobile,BOA Mobile Banking,Its not work accurately please improve your mobile banking,1,2026-02-03,Google Play
BoA Mobile,BOA Mobile Banking,the most doagusting app from ethiopian banking especially on weekdenda🤮🤮🤮🤮🤮🤮🤮,1,2026-02-02,Google Play
BoA Mobile,BOA Mobile Banking,wondo mechesa,5,2026-01-31,Google Play
BoA Mobile,BOA Mobile Banking,good but the user interface and animations need some upgrade,4,2026-01-31,Google Play
BoA Mobile,BOA Mobile Banking,what is wrong these app ?,1,2026-01-30,Google Play
BoA Mobile,BOA Mobile Banking,very good app,5,2026-01-29,Google Play
BoA Mobile,BOA Mobile Banking,unsatisfied to your mobile banking application,5,2026-01-28,Google Play
BoA Mobile,BOA Mobile Banking,"Whenever I want to see my balance, the app says “no” and logs me out. Looks like the developer doesn’t want customers to know the truth 😄! This app really protects my money. It logs me out before I can even see my balance. 👉 Honestly, this app doesn’t reflect the quality of Bank of Abyssinia.",3,2026-01-26,Google Play
BoA Mobile,BOA Mobile Banking,"BoA Mobile is boring, imagine if you install it to your phone it crash when once used and require reinstall. I downloaded ten times but it still crashing.",1,2026-01-25,Google Play
BoA Mobile,BOA Mobile Banking,እሽቱ,5,2026-01-24,Google Play
BoA Mobile,BOA Mobile Banking,very clumsy application. it sucks alot.,1,2026-01-23,Google Play
BoA Mobile,BOA Mobile Banking,so perfect in everything,5,2026-01-22,Google Play
BoA Mobile,BOA Mobile Banking,yse good ap,5,2026-01-22,Google Play
BoA Mobile,BOA Mobile Banking,the worst Mobile banking app👎👎👎👎,1,2026-01-22,Google Play
BoA Mobile,BOA Mobile Banking,እየሩስ ፣አይለ፣,1,2026-01-20,Google Play
BoA Mobile,BOA Mobile Banking,very nice,5,2026-01-20,Google Play
BoA Mobile,BOA Mobile Banking,very Good application,4,2026-01-14,Google Play
BoA Mobile,BOA Mobile Banking,yes,5,2026-01-13,Google Play
BoA Mobile,BOA Mobile Banking,app doesnt work,1,2026-01-10,Google Play
BoA Mobile,BOA Mobile Banking,it's too slow and when you are in a hurry don't use this app,1,2026-01-10,Google Play
BoA Mobile,BOA Mobile Banking,The worest app ever .work hard and do betterthan this,1,2026-01-09,Google Play
BoA Mobile,BOA Mobile Banking,The app is always glitch seems there's is significant issue from the backend. Can someone take a look on this or just remove from appstore this trash 🗑 🙄. Thank you.,1,2026-01-07,Google Play
BoA Mobile,BOA Mobile Banking,n m ű,3,2026-01-06,Google Play
BoA Mobile,BOA Mobile Banking,so good,5,2026-01-06,Google Play
BoA Mobile,BOA Mobile Banking,my app is not working .,1,2026-01-06,Google Play
BoA Mobile,BOA Mobile Banking,"Problems with internet, the app sometimes says there is no internet connection while Internet Data is on. this needs to be fixed, it's unacceptable not being able to access your bank account when you need it.",1,2026-01-05,Google Play
BoA Mobile,BOA Mobile Banking,"There's only one word to describe BOA mobile banking app, and it's 'እንጨት'. It's been the worst experience and it's continuing to be so.",1,2026-01-04,Google Play
BoA Mobile,BOA Mobile Banking,not good update it again,1,2026-01-04,Google Play
BoA Mobile,BOA Mobile Banking,the app not works on samsung galaxy A06 models it's directly kick you out of the app whenever u want to use it amd and then it's says the app is not working i hope they fix it soon,2,2026-01-04,Google Play
BoA Mobile,BOA Mobile Banking,The worest banking app i ever used,1,2026-01-03,Google Play
BoA Mobile,BOA Mobile Banking,"This app is the worst app I've ever seen. Unless the developer fixes it, BOA will lose all its customers.",1,2026-01-02,Google Play
BoA Mobile,BOA Mobile Banking,yetemeta app nw cherash nw apk west maygebawu beza sebeb absiniya tesenabichalewu,1,2026-01-01,Google Play
BoA Mobile,BOA Mobile Banking,ደገፉ ፈፊኘየየከ ወግወ ደገፉ,5,2025-12-31,Google Play
BoA Mobile,BOA Mobile Banking,good,5,2025-12-27,Google Play
BoA Mobile,BOA Mobile Banking,good 👍👍👍,5,2025-12-27,Google Play
BoA Mobile,BOA Mobile Banking,best digital financing app in ethiopia,5,2025-12-26,Google Play
BoA Mobile,BOA Mobile Banking,wooow,5,2025-12-26,Google Play
BoA Mobile,BOA Mobile Banking,very good to be continued to update,5,2025-12-24,Google Play
BoA Mobile,BOA Mobile Banking,የአቢሲኒያ ባንክ app,5,2025-12-22,Google Play
BoA Mobile,BOA Mobile Banking,አፕሊኬሽኑ መጨረሻ ቀርፋፋ ነው:: 2G,1,2025-12-21,Google Play
BoA Mobile,BOA Mobile Banking,best,5,2025-12-21,Google Play
BoA Mobile,BOA Mobile Banking,"what is this the 19 century 😡,we can't even see our balance,this app is going backwards 😤",1,2025-12-21,Google Play
BoA Mobile,BOA Mobile Banking,The worst Mobile banking app in Ethiopia,1,2025-12-20,Google Play
BoA Mobile,BOA Mobile Banking,great,5,2025-12-18,Google Play
BoA Mobile,BOA Mobile Banking,Applicationa kerem delile,5,2025-12-18,Google Play
BoA Mobile,BOA Mobile Banking,fast,5,2025-12-17,Google Play
BoA Mobile,BOA Mobile Banking,Good,5,2025-12-17,Google Play
BoA Mobile,BOA Mobile Banking,good,5,2025-12-16,Google Play
BoA Mobile,BOA Mobile Banking,best,5,2025-12-15,Google Play
BoA Mobile,BOA Mobile Banking,nice,5,2025-12-13,Google Play
BoA Mobile,BOA Mobile Banking,WE EXPECT IT WILL BE MORE AND MORE FASTER THAN EARLIER!,5,2025-12-13,Google Play
BoA Mobile,BOA Mobile Banking,Amazing App 👏,5,2025-12-12,Google Play
BoA Mobile,BOA Mobile Banking,Niec app,5,2025-12-12,Google Play
BoA Mobile,BOA Mobile Banking,best app of the year,5,2025-12-12,Google Play
BoA Mobile,BOA Mobile Banking,waw,2,2025-12-12,Google Play
BoA Mobile,BOA Mobile Banking,it constantly bugs and doesnt open what is the purpose of mobile banking app if i dont use it when i need it?,1,2025-12-12,Google Play
BoA Mobile,BOA Mobile Banking,good,4,2025-12-09,Google Play
BoA Mobile,BOA Mobile Banking,good,4,2025-12-06,Google Play
BoA Mobile,BOA Mobile Banking,"please fix the bug this app does not work, it says Error The request was not successful. Please check device connectivity or try again.",1,2025-12-05,Google Play
BoA Mobile,BOA Mobile Banking,not bad,3,2025-12-04,Google Play
BoA Mobile,BOA Mobile Banking,nice banking,5,2025-12-02,Google Play
BoA Mobile,BOA Mobile Banking,what a bad app... cant even learn from CBE ... how can they even improve?,1,2025-12-02,Google Play
BoA Mobile,BOA Mobile Banking,it stuck everytime when i use it . the app won't budge to even open,1,2025-12-02,Google Play
BoA Mobile,BOA Mobile Banking,i don't find it good and now it is not working!,1,2025-12-01,Google Play
BoA Mobile,BOA Mobile Banking,Make the reason we wrote visible on app transaction.,2,2025-12-01,Google Play
BoA Mobile,BOA Mobile Banking,app is note active working crash,1,2025-11-30,Google Play
BoA Mobile,BOA Mobile Banking,Very Good,5,2025-11-28,Google Play
BoA Mobile,BOA Mobile Banking,goof,5,2025-11-28,Google Play
BoA Mobile,BOA Mobile Banking,good!,5,2025-11-28,Google Play
BoA Mobile,BOA Mobile Banking,bad exprience...it is so crushed,1,2025-11-27,Google Play
BoA Mobile,BOA Mobile Banking,not user friendly at all it requires a huge connectivity and also lags many times 😑😑😑,1,2025-11-26,Google Play
BoA Mobile,BOA Mobile Banking,ምንም የማይ ሰራ,1,2025-11-26,Google Play
BoA Mobile,BOA Mobile Banking,very good,5,2025-11-25,Google Play
BoA Mobile,BOA Mobile Banking,most of the time is not working properly,1,2025-11-25,Google Play
BoA Mobile,BOA Mobile Banking,good service,5,2025-11-25,Google Play
BoA Mobile,BOA Mobile Banking,not use for me,3,2025-11-23,Google Play
BoA Mobile,BOA Mobile Banking,It keeps notifying me to disable developer options and quiet while I'm not enabled. always bring another type of problem with new updates.,1,2025-11-22,Google Play
BoA Mobile,BOA Mobile Banking,waw,5,2025-11-21,Google Play
BoA Mobile,BOA Mobile Banking,the lag is unbelievable when you need it the most this suks,1,2025-11-19,Google Play
BoA Mobile,BOA Mobile Banking,I cant belive I could find the worst bank app ever .yet very simple to fix the problem and the company just ignored it. no body can do business with this kind of app.,1,2025-11-18,Google Play
BoA Mobile,BOA Mobile Banking,it is a good app,5,2025-11-18,Google Play
BoA Mobile,BOA Mobile Banking,it is not working at all,1,2025-11-15,Google Play
BoA Mobile,BOA Mobile Banking,🥰🥰🥰🥰🥰 app is good but i was live in abroad and when i enter my otp code it didnt make me to write my code it the app want it self write thats not fair so please other wise i like it why,5,2025-11-15,Google Play
BoA Mobile,BOA Mobile Banking,when trying to activate the app it keeps on loading on the security questions page. It has been two days,1,2025-11-13,Google Play
BoA Mobile,BOA Mobile Banking,fast and simple,5,2025-11-11,Google Play
BoA Mobile,BOA Mobile Banking,best of best,5,2025-11-10,Google Play
BoA Mobile,BOA Mobile Banking,Worest Banking App Ever I seen. Fake App Bad Better to Leave,1,2025-11-10,Google Play
BoA Mobile,BOA Mobile Banking,good,4,2025-11-10,Google Play
BoA Mobile,BOA Mobile Banking,"I would like to share feedback regarding the application. It frequently experiences disruptions and does not function properly, often freezing or failing to load. This issue is affecting workflow and efficiency. Kindly review and address this problem to ensure smoother performance.",1,2025-11-08,Google Play
BoA Mobile,BOA Mobile Banking,Meet you genuine.App I tried is not functional.Helping.welldoingwith BOA Ethiopia .fastandrelevant.morconnecting Digitalyworld.Digitalyworld. thanks.,5,2025-11-08,Google Play
BoA Mobile,BOA Mobile Banking,best app,5,2025-11-08,Google Play
BoA Mobile,BOA Mobile Banking,Best app,5,2025-11-07,Google Play
BoA Mobile,BOA Mobile Banking,"Barely works, it always fails to connect",1,2025-11-07,Google Play
BoA Mobile,BOA Mobile Banking,this app launch time is so long also has dozen bugs in addition it's has been long time get update,1,2025-11-05,Google Play
BoA Mobile,BOA Mobile Banking,very nice,5,2025-11-04,Google Play
BoA Mobile,BOA Mobile Banking,"Your application is very irritating to use, some functionality doesn't even work like on the card management. You need to do better than this and it good idea to reference other banking applications.",3,2025-11-04,Google Play
BoA Mobile,BOA Mobile Banking,I like,5,2025-11-02,Google Play
BoA Mobile,BOA Mobile Banking,ወይ አሻሽሉትና እንጠቀምበት ያለያ ብታጠፉት ይሻላል። በቃ ምንም ነገር አይሰራም መተግበሪያ አለን ብላችሁ እንዳታወሩ ለማንም የማይመከር ቀርፋፋና ተግባር የለሽ መተግበሪያ,1,2025-11-01,Google Play
BoA Mobile,BOA Mobile Banking,i m sorry but it doesn't work for my android it is too slow but other bank are very fast please update,1,2025-10-30,Google Play
BoA Mobile,BOA Mobile Banking,"the worst app ever,",1,2025-10-30,Google Play
BoA Mobile,BOA Mobile Banking,better,5,2025-10-29,Google Play
BoA Mobile,BOA Mobile Banking,"I kindly request that Bank of abyssinia address issues with its mobile app. It is very slow, has numerous problems, and frequently experiences downtime. The user experience is also poor. Thank you.",1,2025-10-28,Google Play
BoA Mobile,BOA Mobile Banking,this app can't open? what is problem? please solve my problem?,1,2025-10-28,Google Play
BoA Mobile,BOA Mobile Banking,kiyaa makonn,5,2025-10-27,Google Play
BoA Mobile,BOA Mobile Banking,very very lazy app,1,2025-10-26,Google Play
BoA Mobile,BOA Mobile Banking,telebirr remittance,5,2025-10-24,Google Play
BoA Mobile,BOA Mobile Banking,The best bank in 🇪🇹,5,2025-10-23,Google Play
BoA Mobile,BOA Mobile Banking,its good,5,2025-10-22,Google Play
BoA Mobile,BOA Mobile Banking,the worst app in my financial experience.,1,2025-10-22,Google Play
BoA Mobile,BOA Mobile Banking,good for mb appliciation,5,2025-10-21,Google Play
BoA Mobile,BOA Mobile Banking,the worst bank ever. slow don't accept dual sim. they are very stupid and greedy,1,2025-10-20,Google Play
BoA Mobile,BOA Mobile Banking,try to easy network,4,2025-10-17,Google Play
BoA Mobile,BOA Mobile Banking,hussen hassen umer,5,2025-10-16,Google Play
BoA Mobile,BOA Mobile Banking,"The app is not suitable and lacks a good UI design. As a large bank, you must update your app with a professional UI that is fast and appropriate.",2,2025-10-16,Google Play
BoA Mobile,BOA Mobile Banking,an exceptional banking app.,5,2025-10-16,Google Play
BoA Mobile,BOA Mobile Banking,alhamdulilah,5,2025-10-11,Google Play
BoA Mobile,BOA Mobile Banking,poor,5,2025-10-11,Google Play
BoA Mobile,BOA Mobile Banking,Best of best,5,2025-10-09,Google Play
BoA Mobile,BOA Mobile Banking,from the last week updates the app is not working Please check the problems,1,2025-10-08,Google Play
BoA Mobile,BOA Mobile Banking,It's always crushing,1,2025-10-08,Google Play
BoA Mobile,BOA Mobile Banking,office branches have to improve their services please,4,2025-10-07,Google Play
BoA Mobile,BOA Mobile Banking,♥️♥️,5,2025-10-05,Google Play
BoA Mobile,BOA Mobile Banking,Why does it keep crashing? I can't even use this. BOA should do better. You have many customers and how to deal with this. I can't send money now.,1,2025-10-05,Google Play
BoA Mobile,BOA Mobile Banking,it needs a timely update,5,2025-10-03,Google Play
BoA Mobile,BOA Mobile Banking,"It does not show the name of the person who sent the money to request a receipt. This has become very difficult for us. When different people transfer the same amount to me from different banks, it is very difficult to identify the account or the name of the sender.",3,2025-10-01,Google Play
BoA Mobile,BOA Mobile Banking,Like,5,2025-10-01,Google Play
BoA Mobile,BOA Mobile Banking,I can't type my otp on it.,1,2025-10-01,Google Play
BoA Mobile,BOA Mobile Banking,"most of bank apps in Ethiopia are linked with ethiopian phone number, I live in US permanently so when I open BoA account, I told them where I live and to link it with email address instead of phone # as ethio phone number is not working where I live, unfortunetly my fear appeared and now when I change my phone device, it send the code to the ethio number which is not with me now. so please when u develop bank apps consider the diaspora community to use ur apps",1,2025-10-01,Google Play
BoA Mobile,BOA Mobile Banking,jaajja,4,2025-09-30,Google Play
BoA Mobile,BOA Mobile Banking,I love this bank the best experience ever.,5,2025-09-28,Google Play
BoA Mobile,BOA Mobile Banking,"Nothing has been improved, it doesn't work like the previous version.",1,2025-09-25,Google Play
BoA Mobile,BOA Mobile Banking,Great,5,2025-09-20,Google Play
BoA Mobile,BOA Mobile Banking,mobile banking,5,2025-09-19,Google Play
BoA Mobile,BOA Mobile Banking,very good,5,2025-09-18,Google Play
BoA Mobile,BOA Mobile Banking,"need alot of connection, chooses device, very lug even when there is connection",1,2025-09-17,Google Play
BoA Mobile,BOA Mobile Banking,On my ios it's perfect but on android it barley works and don't transfer and after a while it crushed and totally stopped working. Please fix the issue my beloved bank of abyssinia.,1,2025-09-15,Google Play
BoA Mobile,BOA Mobile Banking,none,5,2025-09-14,Google Play
BoA Mobile,BOA Mobile Banking,good,2,2025-09-13,Google Play
BoA Mobile,BOA Mobile Banking,good,5,2025-09-12,Google Play
BoA Mobile,BOA Mobile Banking,very good app i ever used,5,2025-09-12,Google Play
BoA Mobile,BOA Mobile Banking,its nice app especially the transaction limit is extended but We face that BoA m.banking app doesn't respond at the activation stage strictly at SMSNG mobile phone. please try this to make safe.,4,2025-09-11,Google Play
BoA Mobile,BOA Mobile Banking,zedo,5,2025-09-11,Google Play
BoA Mobile,BOA Mobile Banking,please open my mobile app,5,2025-09-10,Google Play
BoA Mobile,BOA Mobile Banking,it doesn't open,1,2025-09-10,Google Play
BoA Mobile,BOA Mobile Banking,Very Good,5,2025-09-09,Google Play
BoA Mobile,BOA Mobile Banking,Best banking transaction application in Ethiopia !,5,2025-09-05,Google Play
BoA Mobile,BOA Mobile Banking,السلام عليكم ورحمة الله وبركاته ماشاء الله تبارك الرحمن هذا التطبيق ممتاز جدا,5,2025-09-04,Google Play
BoA Mobile,BOA Mobile Banking,tamaam kamal,1,2025-09-04,Google Play
BoA Mobile,BOA Mobile Banking,በጣም ሐሪፍ,5,2025-09-03,Google Play
BoA Mobile,BOA Mobile Banking,great 👍,5,2025-09-02,Google Play
BoA Mobile,BOA Mobile Banking,goof,4,2025-09-01,Google Play
BoA Mobile,BOA Mobile Banking,absiniya banki,5,2025-08-29,Google Play
BoA Mobile,BOA Mobile Banking,has issue after installation and i think it doesn't work with tecno common 30,1,2025-08-26,Google Play
BoA Mobile,BOA Mobile Banking,One of the best in this business,5,2025-08-25,Google Play
BoA Mobile,BOA Mobile Banking,Excellent,5,2025-08-20,Google Play
BoA Mobile,BOA Mobile Banking,besat🥰,5,2025-08-19,Google Play
BoA Mobile,BOA Mobile Banking,unlimited experience,5,2025-08-18,Google Play
BoA Mobile,BOA Mobile Banking,"as bank, u should at least hire someone good at their job bc this a joke nowadays I can't even log in or even transfer without it crashing if u fix the app I will update this review I am counting on u boa update: so they atleast fixed it but as suggestion can u put password when in final step of sending money it will feel more secure that way",4,2025-08-17,Google Play
BoA Mobile,BOA Mobile Banking,very nice mobile banking app my favourite,5,2025-08-16,Google Play
BoA Mobile,BOA Mobile Banking,"it almost never boots up!!! and even if it did, it crashes immediately",1,2025-08-15,Google Play
BoA Mobile,BOA Mobile Banking,best apps,5,2025-08-15,Google Play
BoA Mobile,BOA Mobile Banking,the worst app ever to exist in a bank history,1,2025-08-15,Google Play
BoA Mobile,BOA Mobile Banking,thank you,5,2025-08-14,Google Play
BoA Mobile,BOA Mobile Banking,Best mobile app in the country,5,2025-08-14,Google Play
BoA Mobile,BOA Mobile Banking,not fast,2,2025-08-12,Google Play
BoA Mobile,BOA Mobile Banking,keeps freezing at the front page.,1,2025-08-10,Google Play
BoA Mobile,BOA Mobile Banking,it is not working on redminote 11 pro+ pls fix it,1,2025-08-08,Google Play
BoA Mobile,BOA Mobile Banking,abseniya bank app,5,2025-08-08,Google Play
BoA Mobile,BOA Mobile Banking,good,5,2025-08-05,Google Play
BoA Mobile,BOA Mobile Banking,yes goode app,5,2025-08-03,Google Play
BoA Mobile,BOA Mobile Banking,Great App,5,2025-08-02,Google Play
BoA Mobile,BOA Mobile Banking,1) Crashes repeatedly 2) Takes Century to Boot 3) Repeatedly requires Update which is very annoying. 4) It doesn't ask for Password for one step confirmation when transferring money. 5) Automatically stops music when the app is launched (it doesn't really matter just fyi) Overall this have to be the worst mobile banking app I have tried so far and should not be released with all these bugs & issues.,1,2025-08-02,Google Play
BoA Mobile,BOA Mobile Banking,ረጀብነሱ,1,2025-07-31,Google Play
BoA Mobile,BOA Mobile Banking,The Worst Mobile Banking App.,1,2025-07-31,Google Play
BoA Mobile,BOA Mobile Banking,giod,5,2025-07-30,Google Play
BoA Mobile,BOA Mobile Banking,best bank in ethiopia,5,2025-07-29,Google Play
BoA Mobile,BOA Mobile Banking,waqayyoo,5,2025-07-28,Google Play
BoA Mobile,BOA Mobile Banking,please is not working,2,2025-07-27,Google Play
BoA Mobile,BOA Mobile Banking,nothing when I need to install the Apk it say that re-up date,5,2025-07-25,Google Play
BoA Mobile,BOA Mobile Banking,I can log in from any where,5,2025-07-23,Google Play
BoA Mobile,BOA Mobile Banking,no proplem,5,2025-07-20,Google Play
BoA Mobile,BOA Mobile Banking,👍👍👍,5,2025-07-20,Google Play
BoA Mobile,BOA Mobile Banking,excellent app,5,2025-07-18,Google Play
BoA Mobile,BOA Mobile Banking,good work,5,2025-07-15,Google Play
BoA Mobile,BOA Mobile Banking,excellent,5,2025-07-14,Google Play
BoA Mobile,BOA Mobile Banking,Great BoA,5,2025-07-14,Google Play
BoA Mobile,BOA Mobile Banking,Good,5,2025-07-14,Google Play
BoA Mobile,BOA Mobile Banking,Okay,4,2025-07-13,Google Play
BoA Mobile,BOA Mobile Banking,not working,1,2025-07-12,Google Play
BoA Mobile,BOA Mobile Banking,This App is Getting worse and worse with every update,2,2025-07-11,Google Play
BoA Mobile,BOA Mobile Banking,ምርጥ ነው,1,2025-07-10,Google Play
BoA Mobile,BOA Mobile Banking,nice,5,2025-07-10,Google Play
BoA Mobile,BOA Mobile Banking,Best app,5,2025-07-08,Google Play
BoA Mobile,BOA Mobile Banking,meku,5,2025-07-07,Google Play
BoA Mobile,BOA Mobile Banking,nice,4,2025-07-04,Google Play
BoA Mobile,BOA Mobile Banking,awasome app go a head,5,2025-07-04,Google Play
BoA Mobile,BOA Mobile Banking,it sucks as hell. it crashes most of the time and takes a long time to load .,1,2025-07-03,Google Play
BoA Mobile,BOA Mobile Banking,Easy and very nice app to load more than the previouse but in recent time some loading problem detected.,5,2025-07-01,Google Play
BoA Mobile,BOA Mobile Banking,wow,5,2025-07-01,Google Play
BoA Mobile,BOA Mobile Banking,"The worst MBA I have experienced, The app crush frequently and they take to long to fix the problem even more than a week.",1,2025-06-27,Google Play
BoA Mobile,BOA Mobile Banking,amazing Banks App👌👌,3,2025-06-25,Google Play
BoA Mobile,BOA Mobile Banking,goof,5,2025-06-25,Google Play
BoA Mobile,BOA Mobile Banking,good App fore me,5,2025-06-25,Google Play
BoA Mobile,BOA Mobile Banking,"very uninterested it's not working when the ""developer mode on"" i haven't off the developer options i preferred to uninstall your app .....",1,2025-06-24,Google Play
BoA Mobile,BOA Mobile Banking,fantastic,5,2025-06-22,Google Play
BoA Mobile,BOA Mobile Banking,it's nice to use.,5,2025-06-21,Google Play
BoA Mobile,BOA Mobile Banking,app doesn't start,1,2025-06-21,Google Play
BoA Mobile,BOA Mobile Banking,Excellent application,5,2025-06-18,Google Play
BoA Mobile,BOA Mobile Banking,its very bad app its very slow,1,2025-06-17,Google Play
BoA Mobile,BOA Mobile Banking,ብዙዬ ሺዋየ በለጠ,1,2025-06-15,Google Play
BoA Mobile,BOA Mobile Banking,good,1,2025-06-15,Google Play
BoA Mobile,BOA Mobile Banking,Good job!,5,2025-06-13,Google Play
BoA Mobile,BOA Mobile Banking,best financial app.,5,2025-06-12,Google Play
BoA Mobile,BOA Mobile Banking,ቆንጆ ነው በርቱ,5,2025-06-11,Google Play
BoA Mobile,BOA Mobile Banking,the worst app humans ever created,1,2025-06-09,Google Play
BoA Mobile,BOA Mobile Banking,it's not working,3,2025-06-05,Google Play
BoA Mobile,BOA Mobile Banking,"Hello, I’m facing a problem with the BOA Mobile app. Every time I enter my phone number and password, the app crashes and shows an error that says “BoaMobile closed because this app has a bug.” I tried updating, reinstalling, and clearing cache, but nothing worked. Please fix this bug in the next update. I really need access to my account. Thank you.",1,2025-06-03,Google Play
BoA Mobile,BOA Mobile Banking,exceptional,5,2025-06-03,Google Play
BoA Mobile,BOA Mobile Banking,BoA Mobile good bank,5,2025-06-02,Google Play
BoA Mobile,BOA Mobile Banking,this is worest app 24/7 loading,1,2025-06-01,Google Play
BoA Mobile,BOA Mobile Banking,BoA system is confartable,5,2025-06-01,Google Play
BoA Mobile,BOA Mobile Banking,"this app, for me , is a waste of time. It doesn't work . I can't even long in, and it really piss me off. FIX THE PROBLEM",1,2025-05-27,Google Play
BoA Mobile,BOA Mobile Banking,Good service.,3,2025-05-25,Google Play
BoA Mobile,BOA Mobile Banking,the app crush frequently,1,2025-05-24,Google Play
BoA Mobile,BOA Mobile Banking,good,5,2025-05-22,Google Play
BoA Mobile,BOA Mobile Banking,You guys keeps getting worst,1,2025-05-22,Google Play
BoA Mobile,BOA Mobile Banking,good,5,2025-05-21,Google Play
BoA Mobile,BOA Mobile Banking,"This app is a joke. It crashes more than it works, takes forever to load, and half the features are just decorative at this point. Can’t log in, can’t transfer money, can’t even check my balance without it bugging out. To the developer: Are you actually trying to make this work, or is this some kind of social experiment to test our patience? Did you build this in your sleep? Because it definitely looks like it. If this is your idea of a functional app, maybe consider a different career path🙏",1,2025-05-21,Google Play
BoA Mobile,BOA Mobile Banking,BoA,2,2025-05-20,Google Play
BoA Mobile,BOA Mobile Banking,good,5,2025-05-20,Google Play
BoA Mobile,BOA Mobile Banking,but not opening on android,4,2025-05-19,Google Play
BoA Mobile,BOA Mobile Banking,Worst App ever. Totally unreliable. And it didn't work at all for the last 4 months.,1,2025-05-18,Google Play
BoA Mobile,BOA Mobile Banking,amazing,5,2025-05-18,Google Play
BoA Mobile,BOA Mobile Banking,excellent,5,2025-05-15,Google Play
BoA Mobile,BOA Mobile Banking,"this app does no work on Samsung a51, it just gives a preview of the logo",1,2025-05-11,Google Play
BoA Mobile,BOA Mobile Banking,nice,5,2025-05-10,Google Play
BoA Mobile,BOA Mobile Banking,"i entered incorrect security question by mistake boa app lock pin forever, why is there no other options? ?? i contacted different branchs more then 4times but they didn't able to solve this issue .",5,2025-05-10,Google Play
BoA Mobile,BOA Mobile Banking,Best app,5,2025-05-09,Google Play
BoA Mobile,BOA Mobile Banking,liking this application good 👍,5,2025-05-07,Google Play
BoA Mobile,BOA Mobile Banking,"This app future is good, but there is problems with apps to reset and activate it, which is difficult even to the branch staffs, and it takes too long times to active at the branch plus most of the time high expected failure of activation after process at the counter and OTP sent not work",1,2025-05-06,Google Play
BoA Mobile,BOA Mobile Banking,good,5,2025-05-06,Google Play
BoA Mobile,BOA Mobile Banking,good,5,2025-05-02,Google Play
BoA Mobile,BOA Mobile Banking,good,4,2025-04-30,Google Play
BoA Mobile,BOA Mobile Banking,wow,5,2025-04-28,Google Play
BoA Mobile,BOA Mobile Banking,it's really good 👍,5,2025-04-23,Google Play
BoA Mobile,BOA Mobile Banking,Bad app . it stuck when you open and noting WORKS.,1,2025-04-23,Google Play
BoA Mobile,BOA Mobile Banking,"the app isn't working after it asked me the password it starts loading, but it doesn't open",3,2025-04-20,Google Play
BoA Mobile,BOA Mobile Banking,Best,2,2025-04-19,Google Play
BoA Mobile,BOA Mobile Banking,It keeps showing this pop up to turn off developer options even tho it's off! I had to turn on and then off to make it work! This is a horrible experience and needs a fix asap! Plus kinda slow.,1,2025-04-19,Google Play
BoA Mobile,BOA Mobile Banking,yideg,1,2025-04-18,Google Play
BoA Mobile,BOA Mobile Banking,great boa,5,2025-04-10,Google Play
BoA Mobile,BOA Mobile Banking,Best,5,2025-04-10,Google Play
BoA Mobile,BOA Mobile Banking,boa of mobile backing,5,2025-04-09,Google Play
BoA Mobile,BOA Mobile Banking,nice,5,2025-04-09,Google Play
BoA Mobile,BOA Mobile Banking,faster bank of Abissinya,5,2025-04-08,Google Play
BoA Mobile,BOA Mobile Banking,i would have given it a lower if it was possible because it crush so much and it take the bank so long to fix the bug,1,2025-04-08,Google Play
BoA Mobile,BOA Mobile Banking,it just doesn't work...so frustrating,1,2025-04-07,Google Play
BoA Mobile,BOA Mobile Banking,like,5,2025-04-06,Google Play
BoA Mobile,BOA Mobile Banking,it's not work correctly... you must have update it,1,2025-04-06,Google Play
BoA Mobile,BOA Mobile Banking,"the app gets a considerable improvements like language , QR scanner and unlimited transfers survice. but BOA Please do alot on its fastness and convenient when we login and making a transactions.",5,2025-04-04,Google Play
BoA Mobile,BOA Mobile Banking,after i typed in my password it says successfully logged out ...and goes back to the first page,2,2025-04-04,Google Play
BoA Mobile,BOA Mobile Banking,good but they don't update enough don't add new things,3,2025-04-04,Google Play
BoA Mobile,BOA Mobile Banking,very good,5,2025-04-03,Google Play
BoA Mobile,BOA Mobile Banking,thank you,5,2025-04-02,Google Play
BoA Mobile,BOA Mobile Banking,it doesn't work period z slowest mobile banking ever i would rather use *815#,1,2025-04-01,Google Play
BoA Mobile,BOA Mobile Banking,"after activated the application it not allowed to sign , automatically it is turn off In my phone, why ?",1,2025-03-31,Google Play
BoA Mobile,BOA Mobile Banking,good application,5,2025-03-30,Google Play
BoA Mobile,BOA Mobile Banking,this version is not working for me I cannot even buy card. I cannot send money,1,2025-03-30,Google Play
BoA Mobile,BOA Mobile Banking,"It can't actively on initialization, it says incorrect OTP getting the exact OTP",1,2025-03-29,Google Play
BoA Mobile,BOA Mobile Banking,always problematic hardly works,1,2025-03-26,Google Play
BoA Mobile,BOA Mobile Banking,best app,5,2025-03-25,Google Play
BoA Mobile,BOA Mobile Banking,very good,5,2025-03-25,Google Play
BoA Mobile,BOA Mobile Banking,"worst app and Bank ever u be ashamed, scammer",1,2025-03-24,Google Play
BoA Mobile,BOA Mobile Banking,great BoA,5,2025-03-22,Google Play
BoA Mobile,BOA Mobile Banking,best,5,2025-03-21,Google Play
BoA Mobile,BOA Mobile Banking,i have went to the bank so many times because i couldn't make any transaction i can only see my balance nothing else so what is the point of having mobile banking if i can't make any transaction with it please work in that,1,2025-03-21,Google Play
BoA Mobile,BOA Mobile Banking,good,5,2025-03-21,Google Play
BoA Mobile,BOA Mobile Banking,good,5,2025-03-19,Google Play
BoA Mobile,BOA Mobile Banking,there is no speed,1,2025-03-19,Google Play
BoA Mobile,BOA Mobile Banking,"For anyone who wants to download it, just don't!!!",1,2025-03-19,Google Play
BoA Mobile,BOA Mobile Banking,wonderful,5,2025-03-19,Google Play
BoA Mobile,BOA Mobile Banking,all worck,5,2025-03-19,Google Play
BoA Mobile,BOA Mobile Banking,Loved it,5,2025-03-14,Google Play
BoA Mobile,BOA Mobile Banking,Wow,1,2025-03-14,Google Play
BoA Mobile,BOA Mobile Banking,"Edit: New bug, app not letting me type in my otp codes. Shameful Why does this app not allow me to use it while having developer options on? Did y'all consider that I might, perhaps, be an actual developer? Why am I expected to toggle the option on and off just to bank (restarting my phone when I do)? Why is the message labled as somthing that will ""smoothen"" the experience? This is like the most ""security consultant"" thing to implement in an app. Please invest in actual security, not this mess.",1,2025-03-12,Google Play
BoA Mobile,BOA Mobile Banking,Improved to be the best,5,2025-03-11,Google Play
BoA Mobile,BOA Mobile Banking,BoA,5,2025-03-11,Google Play
BoA Mobile,BOA Mobile Banking,"Decent, but there problems sometimes it says error When i transfer money but infact it transferred because of this bug i transferred 2 times instead of 1 and also we can't transfer money to others telebirr acc we only can to our self BOE Dev fix this !!!",3,2025-03-11,Google Play
BoA Mobile,BOA Mobile Banking,BoA Greqt Ethiopian bank.,5,2025-03-11,Google Play
BoA Mobile,BOA Mobile Banking,"The bug is still there,the app crashes every time i try to log in, especially in old phones like my Galaxy A32",1,2025-03-10,Google Play
BoA Mobile,BOA Mobile Banking,Almost better compared to cbe where it is not qualified for,4,2025-03-09,Google Play
BoA Mobile,BOA Mobile Banking,what awesome apps. it is very simple to use and more much important apps.,5,2025-03-09,Google Play
BoA Mobile,BOA Mobile Banking,Wonderfull app,5,2025-03-08,Google Play
BoA Mobile,BOA Mobile Banking,i can't use this app why?,5,2025-03-07,Google Play
BoA Mobile,BOA Mobile Banking,Worst mobile banking app I ever experienced I was blaming other apps but comparing with this they're too much better!!!! It clashes it takes much longer time to login while loading in short it's a complete of trash,1,2025-03-06,Google Play
BoA Mobile,BOA Mobile Banking,Wow,4,2025-03-05,Google Play
BoA Mobile,BOA Mobile Banking,bro the worst app made by human kind!! as a software engineer it make me so sad seeing enterprise as big as BOA make apps like this. it is a disgrace for our country!!,1,2025-03-05,Google Play
BoA Mobile,BOA Mobile Banking,AGA B Girja Miss language of admin Afaan oromo & other Itoophiyaa languages,1,2025-03-04,Google Play
BoA Mobile,BOA Mobile Banking,Good app,5,2025-03-03,Google Play
BoA Mobile,BOA Mobile Banking,"I downloaded the app for the first time while reading other customers reviews and as soon as i installed and opened the app it closes back automatically, what unserious bank, now i uninstalled the app immediately",1,2025-03-03,Google Play
BoA Mobile,BOA Mobile Banking,It has good features but sometimes it doesn't work...0,1,2025-03-02,Google Play
BoA Mobile,BOA Mobile Banking,Very poor proformance,1,2025-03-01,Google Play
BoA Mobile,BOA Mobile Banking,It's not opening. Really frustrating,1,2025-03-01,Google Play
BoA Mobile,BOA Mobile Banking,Verry Amazing App from all IB,5,2025-03-01,Google Play
BoA Mobile,BOA Mobile Banking,Not working on this days,1,2025-02-26,Google Play
BoA Mobile,BOA Mobile Banking,Thank you BoA,5,2025-02-23,Google Play
BoA Mobile,BOA Mobile Banking,best banking app in the wworld,5,2025-02-22,Google Play
BoA Mobile,BOA Mobile Banking,Nice app and it's easy to use,5,2025-02-21,Google Play
BoA Mobile,BOA Mobile Banking,"please add language in the apps setting(amharic afan oromo, tigniya,and others) sometimes bank to bank transfer is not available through time and even if if it is available not reachable…it is serious issue!",1,2025-02-15,Google Play
BoA Mobile,BOA Mobile Banking,This is help full i like ittttt,5,2025-02-14,Google Play
BoA Mobile,BOA Mobile Banking,The is not functional at all?,2,2025-02-12,Google Play
